#Planet: 0.8000 Mjup, 1.5000 Rjup, 0.050 au 
#Star: 1.000 Msun, 1.778 Lsun 
#Spectrum: 1096 ergs/s/cm2, scaled-solar, [0.600,91.200] nm
#Tutorial example planet w/ 10xZ_solar H,He,C,O. Scaled solar spectrum.
r,r/Rp,v,T,rho,heat_ion
11337819863.9,1.057,1.57499e+00,1.53482e+03,1.81618e-11,4.37720e-63
11340782489.5,1.058,1.64129e+00,1.53469e+03,1.74190e-11,2.86532e-09
11343745115.0,1.058,1.71059e+00,1.53481e+03,1.67047e-11,1.55440e-09
11346707740.6,1.058,1.78249e+00,1.53468e+03,1.60224e-11,3.10424e-09
11349670366.2,1.058,1.85763e+00,1.53481e+03,1.53663e-11,2.01712e-09
11352632991.8,1.059,1.93559e+00,1.53468e+03,1.47397e-11,3.35273e-09
11355595617.4,1.059,2.01706e+00,1.53480e+03,1.41370e-11,2.41546e-09
11358558242.9,1.059,2.10159e+00,1.53467e+03,1.35613e-11,3.61102e-09
11361520868.5,1.059,2.18990e+00,1.53479e+03,1.30076e-11,2.79312e-09
11364483494.1,1.060,2.28152e+00,1.53467e+03,1.24787e-11,3.87914e-09
11367446119.7,1.060,2.37723e+00,1.53479e+03,1.19701e-11,3.16387e-09
11370408745.3,1.060,2.47654e+00,1.53467e+03,1.14841e-11,4.15675e-09
11373371370.8,1.061,2.58025e+00,1.53478e+03,1.10168e-11,3.53308e-09
11376333996.4,1.061,2.68786e+00,1.53466e+03,1.05702e-11,4.44293e-09
11379296622.0,1.061,2.80022e+00,1.53477e+03,1.01408e-11,3.90254e-09
11382259247.6,1.061,2.91680e+00,1.53466e+03,9.73039e-12,4.73623e-09
11385221873.2,1.062,3.03851e+00,1.53476e+03,9.33577e-12,4.27208e-09
11388184498.7,1.062,3.16479e+00,1.53465e+03,8.95860e-12,5.03463e-09
11391147124.3,1.062,3.29660e+00,1.53475e+03,8.59593e-12,4.64033e-09
11394109749.9,1.063,3.43336e+00,1.53465e+03,8.24925e-12,5.33576e-09
11397072375.5,1.063,3.57607e+00,1.53474e+03,7.91592e-12,5.00525e-09
11400035001.1,1.063,3.72413e+00,1.53464e+03,7.59724e-12,5.63709e-09
11402997626.6,1.063,3.87862e+00,1.53473e+03,7.29086e-12,5.36455e-09
11405960252.2,1.064,4.03889e+00,1.53463e+03,6.99790e-12,5.93614e-09
11408922877.8,1.064,4.20607e+00,1.53472e+03,6.71626e-12,5.71597e-09
11411885503.4,1.064,4.37952e+00,1.53463e+03,6.44691e-12,6.23074e-09
11414848129.0,1.064,4.56040e+00,1.53471e+03,6.18800e-12,6.05755e-09
11417810754.5,1.065,4.74806e+00,1.53462e+03,5.94035e-12,6.51912e-09
11420773380.1,1.065,4.94369e+00,1.53470e+03,5.70231e-12,6.38783e-09
11423736005.7,1.065,5.14666e+00,1.53461e+03,5.47458e-12,6.80002e-09
11426698631.3,1.066,5.35821e+00,1.53468e+03,5.25572e-12,6.70582e-09
11429661256.9,1.066,5.57767e+00,1.53461e+03,5.04630e-12,7.07267e-09
11432623882.4,1.066,5.80634e+00,1.53467e+03,4.84505e-12,7.01104e-09
11435586508.0,1.066,6.04357e+00,1.53460e+03,4.65246e-12,7.33668e-09
11438549133.6,1.067,6.29066e+00,1.53466e+03,4.46739e-12,7.30337e-09
11441511759.2,1.067,6.54700e+00,1.53459e+03,4.29026e-12,7.59191e-09
11444474384.8,1.067,6.81391e+00,1.53464e+03,4.12007e-12,7.58290e-09
11447437010.3,1.067,7.09079e+00,1.53458e+03,3.95714e-12,7.83833e-09
11450399635.9,1.068,7.37899e+00,1.53462e+03,3.80062e-12,7.84980e-09
11453362261.5,1.068,7.67794e+00,1.53456e+03,3.65074e-12,8.07583e-09
11456324887.1,1.068,7.98900e+00,1.53461e+03,3.50678e-12,8.10416e-09
11459287512.7,1.069,8.31164e+00,1.53455e+03,3.36891e-12,8.30421e-09
11462250138.2,1.069,8.64722e+00,1.53459e+03,3.23650e-12,8.34592e-09
11465212763.8,1.069,8.99526e+00,1.53454e+03,3.10967e-12,8.52301e-09
11468175389.4,1.069,9.35711e+00,1.53457e+03,2.98787e-12,8.57485e-09
11471138015.0,1.070,9.73236e+00,1.53452e+03,2.87118e-12,8.73160e-09
11474100640.6,1.070,1.01223e+01,1.53455e+03,2.75914e-12,8.79053e-09
11477063266.1,1.070,1.05267e+01,1.53451e+03,2.65178e-12,8.92920e-09
11480025891.7,1.071,1.09467e+01,1.53452e+03,2.54872e-12,8.99243e-09
11482988517.3,1.071,1.13822e+01,1.53449e+03,2.44994e-12,9.11495e-09
11485951142.9,1.071,1.18343e+01,1.53450e+03,2.35513e-12,9.18000e-09
11488913768.5,1.071,1.23029e+01,1.53447e+03,2.26425e-12,9.28803e-09
11491876394.0,1.072,1.27893e+01,1.53448e+03,2.17702e-12,9.35281e-09
11494839019.6,1.072,1.32932e+01,1.53444e+03,2.09341e-12,9.44778e-09
11497801645.2,1.072,1.38160e+01,1.53445e+03,2.01316e-12,9.51059e-09
11500764270.8,1.072,1.43575e+01,1.53442e+03,1.93623e-12,9.59385e-09
11503726896.4,1.073,1.49189e+01,1.53442e+03,1.86241e-12,9.65345e-09
11506689521.9,1.073,1.55003e+01,1.53439e+03,1.79163e-12,9.72627e-09
11509652147.5,1.073,1.61027e+01,1.53438e+03,1.72372e-12,9.78188e-09
11512614773.1,1.074,1.67263e+01,1.53436e+03,1.65860e-12,9.84558e-09
11515577398.7,1.074,1.73721e+01,1.53435e+03,1.59613e-12,9.89693e-09
11518540024.3,1.074,1.80402e+01,1.53432e+03,1.53622e-12,9.95289e-09
11521502649.8,1.074,1.87316e+01,1.53431e+03,1.47875e-12,1.00002e-08
11524465275.4,1.075,1.94467e+01,1.53428e+03,1.42365e-12,1.00499e-08
11527427901.0,1.075,2.01862e+01,1.53427e+03,1.37079e-12,1.00939e-08
11530390526.6,1.075,2.09505e+01,1.53424e+03,1.32010e-12,1.01391e-08
11533353152.2,1.075,2.17404e+01,1.53422e+03,1.27149e-12,1.01808e-08
11536315777.7,1.076,2.25562e+01,1.53419e+03,1.22487e-12,1.02235e-08
11539278403.3,1.076,2.33987e+01,1.53417e+03,1.18016e-12,1.02645e-08
11542241028.9,1.076,2.42682e+01,1.53414e+03,1.13729e-12,1.03067e-08
11545203654.5,1.077,2.51654e+01,1.53411e+03,1.09618e-12,1.03490e-08
11548166280.1,1.077,2.60906e+01,1.53408e+03,1.05677e-12,1.03932e-08
11551128905.6,1.077,2.70444e+01,1.53405e+03,1.01897e-12,1.04389e-08
11554091531.2,1.077,2.80272e+01,1.53401e+03,9.82737e-13,1.04877e-08
11557054156.8,1.078,2.90394e+01,1.53398e+03,9.47996e-13,1.05395e-08
11560016782.4,1.078,3.00814e+01,1.53394e+03,9.14691e-13,1.05956e-08
11562979408.0,1.078,3.11534e+01,1.53390e+03,8.82762e-13,1.06564e-08
11565942033.5,1.079,3.22558e+01,1.53386e+03,8.52155e-13,1.07228e-08
11568904659.1,1.079,3.33889e+01,1.53382e+03,8.22816e-13,1.07955e-08
11571867284.7,1.079,3.45527e+01,1.53377e+03,7.94694e-13,1.08753e-08
11574829910.3,1.079,3.57475e+01,1.53373e+03,7.67740e-13,1.09630e-08
11577792535.9,1.080,3.69733e+01,1.53368e+03,7.41906e-13,1.10595e-08
11580755161.4,1.080,3.82303e+01,1.53363e+03,7.17146e-13,1.11655e-08
11583717787.0,1.080,3.95184e+01,1.53358e+03,6.93416e-13,1.12818e-08
11586680412.6,1.080,4.08375e+01,1.53352e+03,6.70674e-13,1.14094e-08
11589643038.2,1.081,4.21875e+01,1.53347e+03,6.48880e-13,1.15489e-08
11592605663.8,1.081,4.35684e+01,1.53341e+03,6.27993e-13,1.17013e-08
11595568289.3,1.081,4.49798e+01,1.53335e+03,6.07977e-13,1.18674e-08
11598530914.9,1.082,4.64216e+01,1.53330e+03,5.88793e-13,1.20479e-08
11601493540.5,1.082,4.78934e+01,1.53324e+03,5.70408e-13,1.22438e-08
11604456166.1,1.082,4.93949e+01,1.53318e+03,5.52786e-13,1.24557e-08
11607418791.7,1.082,5.09258e+01,1.53312e+03,5.35895e-13,1.26845e-08
11610381417.2,1.083,5.24856e+01,1.53306e+03,5.19703e-13,1.29310e-08
11613344042.8,1.083,5.40741e+01,1.53301e+03,5.04179e-13,1.31960e-08
11616306668.4,1.083,5.56907e+01,1.53295e+03,4.89293e-13,1.34803e-08
11619269294.0,1.084,5.73352e+01,1.53291e+03,4.75017e-13,1.37846e-08
11622231919.6,1.084,5.90071e+01,1.53286e+03,4.61323e-13,1.41098e-08
11625194545.1,1.084,6.07060e+01,1.53283e+03,4.48183e-13,1.44565e-08
11628157170.7,1.084,6.24317e+01,1.53281e+03,4.35573e-13,1.48256e-08
11631119796.3,1.085,6.41840e+01,1.53280e+03,4.23466e-13,1.52177e-08
11634082421.9,1.085,6.59625e+01,1.53280e+03,4.11838e-13,1.56337e-08
11637045047.5,1.085,6.77673e+01,1.53283e+03,4.00666e-13,1.60742e-08
11640007673.0,1.085,6.95983e+01,1.53288e+03,3.89927e-13,1.65399e-08
11642970298.6,1.086,7.14556e+01,1.53296e+03,3.79598e-13,1.70315e-08
11645932924.2,1.086,7.33395e+01,1.53309e+03,3.69659e-13,1.75498e-08
11648895549.8,1.086,7.52504e+01,1.53325e+03,3.60089e-13,1.80952e-08
11651858175.4,1.087,7.71889e+01,1.53348e+03,3.50867e-13,1.86685e-08
11654820800.9,1.087,7.91558e+01,1.53377e+03,3.41974e-13,1.92701e-08
11657783426.5,1.087,8.11522e+01,1.53415e+03,3.33392e-13,1.99006e-08
11660746052.1,1.087,8.31794e+01,1.53462e+03,3.25102e-13,2.05603e-08
11663708677.7,1.088,8.52389e+01,1.53521e+03,3.17085e-13,2.12497e-08
11666671303.3,1.088,8.73327e+01,1.53594e+03,3.09326e-13,2.19689e-08
11669633928.8,1.088,8.94631e+01,1.53683e+03,3.01807e-13,2.27182e-08
11672596554.4,1.088,9.16328e+01,1.53791e+03,2.94511e-13,2.34975e-08
11675559180.0,1.089,9.38449e+01,1.53921e+03,2.87423e-13,2.43066e-08
11678521805.6,1.089,9.61032e+01,1.54078e+03,2.80526e-13,2.51452e-08
11681484431.2,1.089,9.84118e+01,1.54264e+03,2.73807e-13,2.60127e-08
11684447056.7,1.090,1.00775e+02,1.54486e+03,2.67249e-13,2.69084e-08
11687409682.3,1.090,1.03199e+02,1.54747e+03,2.60840e-13,2.78311e-08
11690372307.9,1.090,1.05689e+02,1.55053e+03,2.54565e-13,2.87795e-08
11693334933.5,1.090,1.08252e+02,1.55410e+03,2.48413e-13,2.97519e-08
11696297559.1,1.091,1.10895e+02,1.55824e+03,2.42370e-13,3.07463e-08
11699260184.6,1.091,1.13624e+02,1.56302e+03,2.36428e-13,3.17604e-08
11702222810.2,1.091,1.16450e+02,1.56849e+03,2.30575e-13,3.27916e-08
11705185435.8,1.092,1.19378e+02,1.57472e+03,2.24805e-13,3.38371e-08
11708148061.4,1.092,1.22418e+02,1.58176e+03,2.19111e-13,3.48938e-08
11711110687.0,1.092,1.25578e+02,1.58967e+03,2.13490e-13,3.59583e-08
11714073312.5,1.092,1.28865e+02,1.59850e+03,2.07938e-13,3.70274e-08
11717035938.1,1.093,1.32288e+02,1.60826e+03,2.02457e-13,3.80979e-08
11719998563.7,1.093,1.35851e+02,1.61899e+03,1.97047e-13,3.91665e-08
11722961189.3,1.093,1.39561e+02,1.63069e+03,1.91712e-13,4.02302e-08
11725923814.9,1.093,1.43421e+02,1.64337e+03,1.86457e-13,4.12864e-08
11728886440.4,1.094,1.47436e+02,1.65699e+03,1.81288e-13,4.23327e-08
11731849066.0,1.094,1.51607e+02,1.67154e+03,1.76211e-13,4.33670e-08
11734811691.6,1.094,1.55936e+02,1.68699e+03,1.71233e-13,4.43875e-08
11737774317.2,1.095,1.60424e+02,1.70330e+03,1.66359e-13,4.53926e-08
11740736942.8,1.095,1.65069e+02,1.72042e+03,1.61595e-13,4.63811e-08
11743699568.3,1.095,1.69874e+02,1.73832e+03,1.56946e-13,4.73519e-08
11746662193.9,1.095,1.74837e+02,1.75696e+03,1.52414e-13,4.83040e-08
11749624819.5,1.096,1.79958e+02,1.77630e+03,1.48002e-13,4.92363e-08
11752587445.1,1.096,1.85238e+02,1.79633e+03,1.43711e-13,5.01482e-08
11755550070.7,1.096,1.90676e+02,1.81701e+03,1.39542e-13,5.10387e-08
11758512696.2,1.096,1.96274e+02,1.83831e+03,1.35494e-13,5.19071e-08
11761475321.8,1.097,2.02030e+02,1.86022e+03,1.31567e-13,5.27528e-08
11764437947.4,1.097,2.07947e+02,1.88273e+03,1.27759e-13,5.35752e-08
11767400573.0,1.097,2.14024e+02,1.90580e+03,1.24069e-13,5.43736e-08
11770363198.6,1.098,2.20262e+02,1.92942e+03,1.20495e-13,5.51478e-08
11773325824.1,1.098,2.26660e+02,1.95358e+03,1.17034e-13,5.58972e-08
11776288449.7,1.098,2.33221e+02,1.97826e+03,1.13685e-13,5.66216e-08
11779251075.3,1.098,2.39942e+02,2.00344e+03,1.10444e-13,5.73210e-08
11782213700.9,1.099,2.46825e+02,2.02911e+03,1.07310e-13,5.79951e-08
11785176326.5,1.099,2.53870e+02,2.05526e+03,1.04280e-13,5.86439e-08
11788138952.0,1.099,2.61076e+02,2.08185e+03,1.01351e-13,5.92676e-08
11791101577.6,1.100,2.68442e+02,2.10889e+03,9.85204e-14,5.98663e-08
11794064203.2,1.100,2.75969e+02,2.13634e+03,9.57852e-14,6.04401e-08
11797026828.8,1.100,2.83656e+02,2.16420e+03,9.31427e-14,6.09893e-08
11799989454.4,1.100,2.91502e+02,2.19245e+03,9.05902e-14,6.15142e-08
11802952079.9,1.101,2.99506e+02,2.22108e+03,8.81249e-14,6.20153e-08
11805914705.5,1.101,3.07668e+02,2.25006e+03,8.57441e-14,6.24927e-08
11808877331.1,1.101,3.15987e+02,2.27938e+03,8.34449e-14,6.29471e-08
11811839956.7,1.101,3.24461e+02,2.30904e+03,8.12246e-14,6.33789e-08
11814802582.3,1.102,3.33090e+02,2.33900e+03,7.90807e-14,6.37885e-08
11817765207.8,1.102,3.41873e+02,2.36926e+03,7.70105e-14,6.41765e-08
11820727833.4,1.102,3.50808e+02,2.39981e+03,7.50113e-14,6.45434e-08
11823690459.0,1.103,3.59895e+02,2.43063e+03,7.30808e-14,6.48897e-08
11826653084.6,1.103,3.69132e+02,2.46170e+03,7.12164e-14,6.52160e-08
11829615710.2,1.103,3.78517e+02,2.49301e+03,6.94158e-14,6.55229e-08
11832578335.7,1.103,3.88050e+02,2.52456e+03,6.76766e-14,6.58108e-08
11835540961.3,1.104,3.97730e+02,2.55632e+03,6.59965e-14,6.60805e-08
11838503586.9,1.104,4.07554e+02,2.58830e+03,6.43734e-14,6.63324e-08
11841466212.5,1.104,4.17521e+02,2.62046e+03,6.28052e-14,6.65672e-08
11844428838.1,1.104,4.27631e+02,2.65281e+03,6.12898e-14,6.67853e-08
11847391463.6,1.105,4.37881e+02,2.68532e+03,5.98252e-14,6.69874e-08
11850354089.2,1.105,4.48270e+02,2.71800e+03,5.84094e-14,6.71740e-08
11853316714.8,1.105,4.58797e+02,2.75084e+03,5.70407e-14,6.73456e-08
11856279340.4,1.106,4.69460e+02,2.78381e+03,5.57172e-14,6.75028e-08
11859241966.0,1.106,4.80258e+02,2.81691e+03,5.44373e-14,6.76461e-08
11862204591.5,1.106,4.91190e+02,2.85013e+03,5.31992e-14,6.77760e-08
11865167217.1,1.106,5.02253e+02,2.88347e+03,5.20013e-14,6.78930e-08
11868129842.7,1.107,5.13447e+02,2.91691e+03,5.08422e-14,6.79975e-08
11871092468.3,1.107,5.24770e+02,2.95045e+03,4.97204e-14,6.80902e-08
11874055093.9,1.107,5.36220e+02,2.98407e+03,4.86344e-14,6.81714e-08
11877017719.4,1.108,5.47797e+02,3.01778e+03,4.75828e-14,6.82416e-08
11879980345.0,1.108,5.59499e+02,3.05156e+03,4.65644e-14,6.83011e-08
11882942970.6,1.108,5.71323e+02,3.08540e+03,4.55779e-14,6.83506e-08
11885905596.2,1.108,5.83270e+02,3.11930e+03,4.46222e-14,6.83903e-08
11888868221.8,1.109,5.95337e+02,3.15326e+03,4.36959e-14,6.84206e-08
11891830847.3,1.109,6.07523e+02,3.18726e+03,4.27981e-14,6.84420e-08
11894793472.9,1.109,6.19828e+02,3.22130e+03,4.19276e-14,6.84549e-08
11897756098.5,1.109,6.32248e+02,3.25537e+03,4.10834e-14,6.84595e-08
11900718724.1,1.110,6.44784e+02,3.28948e+03,4.02647e-14,6.84562e-08
11903681349.7,1.110,6.57433e+02,3.32360e+03,3.94703e-14,6.84454e-08
11906643975.2,1.110,6.70195e+02,3.35774e+03,3.86994e-14,6.84274e-08
11909606600.8,1.111,6.83068e+02,3.39190e+03,3.79512e-14,6.84024e-08
11912569226.4,1.111,6.96051e+02,3.42607e+03,3.72248e-14,6.83709e-08
11915531852.0,1.111,7.09143e+02,3.46023e+03,3.65194e-14,6.83331e-08
11918494477.6,1.111,7.22341e+02,3.49440e+03,3.58343e-14,6.82892e-08
11921457103.1,1.112,7.35646e+02,3.52857e+03,3.51687e-14,6.82396e-08
11924419728.7,1.112,7.49056e+02,3.56272e+03,3.45220e-14,6.81845e-08
11927382354.3,1.112,7.62570e+02,3.59686e+03,3.38933e-14,6.81241e-08
11930344979.9,1.113,7.76187e+02,3.63099e+03,3.32822e-14,6.80587e-08
11933307605.5,1.113,7.89904e+02,3.66509e+03,3.26880e-14,6.79886e-08
11936270231.0,1.113,8.03722e+02,3.69917e+03,3.21101e-14,6.79138e-08
11939232856.6,1.113,8.17639e+02,3.73323e+03,3.15478e-14,6.78348e-08
11942195482.2,1.114,8.31655e+02,3.76726e+03,3.10008e-14,6.77516e-08
11945158107.8,1.114,8.45767e+02,3.80125e+03,3.04684e-14,6.76644e-08
11948120733.4,1.114,8.59975e+02,3.83521e+03,2.99502e-14,6.75735e-08
11951083358.9,1.114,8.74277e+02,3.86913e+03,2.94456e-14,6.74790e-08
11954045984.5,1.115,8.88674e+02,3.90301e+03,2.89542e-14,6.73811e-08
11957008610.1,1.115,9.03163e+02,3.93685e+03,2.84756e-14,6.72800e-08
11959971235.7,1.115,9.17744e+02,3.97065e+03,2.80093e-14,6.71758e-08
11962933861.3,1.116,9.32416e+02,4.00439e+03,2.75549e-14,6.70687e-08
11965896486.8,1.116,9.47178e+02,4.03809e+03,2.71120e-14,6.69588e-08
11968859112.4,1.116,9.62028e+02,4.07174e+03,2.66803e-14,6.68463e-08
11971821738.0,1.116,9.76966e+02,4.10533e+03,2.62594e-14,6.67313e-08
11974784363.6,1.117,9.91992e+02,4.13887e+03,2.58488e-14,6.66139e-08
11977746989.2,1.117,1.00710e+03,4.17235e+03,2.54484e-14,6.64942e-08
11980709614.7,1.117,1.02230e+03,4.20577e+03,2.50577e-14,6.63725e-08
11983672240.3,1.117,1.03758e+03,4.23913e+03,2.46765e-14,6.62487e-08
11986634865.9,1.118,1.05294e+03,4.27243e+03,2.43044e-14,6.61231e-08
11989597491.5,1.118,1.06839e+03,4.30567e+03,2.39412e-14,6.59957e-08
11992560117.1,1.118,1.08392e+03,4.33885e+03,2.35865e-14,6.58666e-08
11995522742.6,1.119,1.09953e+03,4.37195e+03,2.32402e-14,6.57358e-08
11998485368.2,1.119,1.11521e+03,4.40500e+03,2.29020e-14,6.56036e-08
12001447993.8,1.119,1.13098e+03,4.43797e+03,2.25715e-14,6.54700e-08
12004410619.4,1.119,1.14683e+03,4.47087e+03,2.22487e-14,6.53351e-08
12007373245.0,1.120,1.16275e+03,4.50371e+03,2.19331e-14,6.51989e-08
12010335870.5,1.120,1.17875e+03,4.53647e+03,2.16247e-14,6.50616e-08
12013298496.1,1.120,1.19483e+03,4.56916e+03,2.13233e-14,6.49232e-08
12016261121.7,1.121,1.21098e+03,4.60178e+03,2.10285e-14,6.47838e-08
12019223747.3,1.121,1.22721e+03,4.63433e+03,2.07402e-14,6.46434e-08
12022186372.9,1.121,1.24351e+03,4.66680e+03,2.04582e-14,6.45022e-08
12025148998.4,1.121,1.25988e+03,4.69919e+03,2.01824e-14,6.43602e-08
12028111624.0,1.122,1.27633e+03,4.73151e+03,1.99126e-14,6.42174e-08
12031074249.6,1.122,1.29284e+03,4.76375e+03,1.96485e-14,6.40739e-08
12034036875.2,1.122,1.30943e+03,4.79591e+03,1.93900e-14,6.39298e-08
12036999500.8,1.122,1.32609e+03,4.82800e+03,1.91370e-14,6.37851e-08
12039962126.3,1.123,1.34282e+03,4.86001e+03,1.88893e-14,6.36399e-08
12042924751.9,1.123,1.35962e+03,4.89193e+03,1.86468e-14,6.34942e-08
12045887377.5,1.123,1.37648e+03,4.92378e+03,1.84092e-14,6.33481e-08
12048850003.1,1.124,1.39342e+03,4.95555e+03,1.81766e-14,6.32017e-08
12051812628.7,1.124,1.41042e+03,4.98723e+03,1.79487e-14,6.30549e-08
12054775254.2,1.124,1.42748e+03,5.01883e+03,1.77254e-14,6.29078e-08
12057737879.8,1.124,1.44461e+03,5.05036e+03,1.75065e-14,6.27604e-08
12060700505.4,1.125,1.46181e+03,5.08179e+03,1.72921e-14,6.26129e-08
12063663131.0,1.125,1.47907e+03,5.11315e+03,1.70819e-14,6.24652e-08
12066625756.6,1.125,1.49640e+03,5.14442e+03,1.68758e-14,6.23173e-08
12069588382.1,1.125,1.51378e+03,5.17561e+03,1.66738e-14,6.21694e-08
12072551007.7,1.126,1.53124e+03,5.20671e+03,1.64757e-14,6.20214e-08
12075513633.3,1.126,1.54875e+03,5.23773e+03,1.62814e-14,6.18734e-08
12078476258.9,1.126,1.56632e+03,5.26866e+03,1.60909e-14,6.17254e-08
12081438884.5,1.127,1.58395e+03,5.29950e+03,1.59039e-14,6.15774e-08
12084401510.0,1.127,1.60165e+03,5.33026e+03,1.57205e-14,6.14295e-08
12087364135.6,1.127,1.61940e+03,5.36093e+03,1.55406e-14,6.12817e-08
12090326761.2,1.127,1.63721e+03,5.39151e+03,1.53640e-14,6.11340e-08
12093289386.8,1.128,1.65508e+03,5.42200e+03,1.51907e-14,6.09865e-08
12096252012.4,1.128,1.67300e+03,5.45241e+03,1.50205e-14,6.08391e-08
12099214637.9,1.128,1.69098e+03,5.48272e+03,1.48535e-14,6.06920e-08
12102177263.5,1.129,1.70902e+03,5.51294e+03,1.46896e-14,6.05451e-08
12105139889.1,1.129,1.72711e+03,5.54307e+03,1.45286e-14,6.03985e-08
12108102514.7,1.129,1.74526e+03,5.57311e+03,1.43705e-14,6.02522e-08
12111065140.3,1.129,1.76346e+03,5.60306e+03,1.42152e-14,6.01062e-08
12114027765.8,1.130,1.78171e+03,5.63291e+03,1.40627e-14,5.99605e-08
12116990391.4,1.130,1.80002e+03,5.66266e+03,1.39129e-14,5.98153e-08
12119953017.0,1.130,1.81837e+03,5.69232e+03,1.37657e-14,5.96703e-08
12122915642.6,1.130,1.83678e+03,5.72188e+03,1.36211e-14,5.95259e-08
12125878268.2,1.131,1.85523e+03,5.75134e+03,1.34791e-14,5.93818e-08
12128840893.7,1.131,1.87373e+03,5.78071e+03,1.33394e-14,5.92382e-08
12131803519.3,1.131,1.89228e+03,5.80997e+03,1.32022e-14,5.90951e-08
12134766144.9,1.132,1.91088e+03,5.83913e+03,1.30674e-14,5.89525e-08
12137728770.5,1.132,1.92952e+03,5.86818e+03,1.29348e-14,5.88105e-08
12140691396.1,1.132,1.94821e+03,5.89713e+03,1.28045e-14,5.86690e-08
12143654021.6,1.132,1.96694e+03,5.92597e+03,1.26764e-14,5.85281e-08
12146616647.2,1.133,1.98571e+03,5.95471e+03,1.25504e-14,5.83878e-08
12149579272.8,1.133,2.00452e+03,5.98333e+03,1.24265e-14,5.82481e-08
12152541898.4,1.133,2.02338e+03,6.01184e+03,1.23047e-14,5.81090e-08
12155504524.0,1.134,2.04227e+03,6.04023e+03,1.21850e-14,5.79707e-08
12158467149.5,1.134,2.06120e+03,6.06851e+03,1.20672e-14,5.78331e-08
12161429775.1,1.134,2.08017e+03,6.09667e+03,1.19513e-14,5.76961e-08
12164392400.7,1.134,2.09917e+03,6.12471e+03,1.18374e-14,5.75600e-08
12167355026.3,1.135,2.11820e+03,6.15262e+03,1.17253e-14,5.74246e-08
12170317651.9,1.135,2.13727e+03,6.18041e+03,1.16150e-14,5.72900e-08
12173280277.4,1.135,2.15637e+03,6.20806e+03,1.15066e-14,5.71563e-08
12176242903.0,1.135,2.17549e+03,6.23559e+03,1.13998e-14,5.70234e-08
12179205528.6,1.136,2.19465e+03,6.26298e+03,1.12949e-14,5.68914e-08
12182168154.2,1.136,2.21383e+03,6.29023e+03,1.11915e-14,5.67603e-08
12185130779.8,1.136,2.23304e+03,6.31734e+03,1.10899e-14,5.66301e-08
12188093405.3,1.137,2.25226e+03,6.34431e+03,1.09899e-14,5.65009e-08
12191056030.9,1.137,2.27151e+03,6.37112e+03,1.08915e-14,5.63727e-08
12194018656.5,1.137,2.29078e+03,6.39779e+03,1.07946e-14,5.62455e-08
12196981282.1,1.137,2.31006e+03,6.42430e+03,1.06993e-14,5.61193e-08
12199943907.7,1.138,2.32936e+03,6.45065e+03,1.06055e-14,5.59943e-08
12202906533.2,1.138,2.34867e+03,6.47684e+03,1.05132e-14,5.58703e-08
12205869158.8,1.138,2.36800e+03,6.50286e+03,1.04223e-14,5.57475e-08
12208831784.4,1.138,2.38733e+03,6.52871e+03,1.03329e-14,5.56258e-08
12211794410.0,1.139,2.40666e+03,6.55438e+03,1.02449e-14,5.55053e-08
12214757035.6,1.139,2.42601e+03,6.57988e+03,1.01583e-14,5.53860e-08
12217719661.1,1.139,2.44535e+03,6.60519e+03,1.00731e-14,5.52680e-08
12220682286.7,1.140,2.46470e+03,6.63031e+03,9.98917e-15,5.51512e-08
12223644912.3,1.140,2.48404e+03,6.65524e+03,9.90658e-15,5.50358e-08
12226607537.9,1.140,2.50337e+03,6.67997e+03,9.82530e-15,5.49216e-08
12229570163.5,1.140,2.52270e+03,6.70450e+03,9.74530e-15,5.48089e-08
12232532789.0,1.141,2.54202e+03,6.72882e+03,9.66655e-15,5.46975e-08
12235495414.6,1.141,2.56133e+03,6.75293e+03,9.58904e-15,5.45875e-08
12238458040.2,1.141,2.58062e+03,6.77682e+03,9.51275e-15,5.44790e-08
12241420665.8,1.142,2.59990e+03,6.80050e+03,9.43765e-15,5.43720e-08
12244383291.4,1.142,2.61915e+03,6.82394e+03,9.36374e-15,5.42664e-08
12247345916.9,1.142,2.63838e+03,6.84716e+03,9.29099e-15,5.41623e-08
12250308542.5,1.142,2.65759e+03,6.87014e+03,9.21939e-15,5.40598e-08
12253271168.1,1.143,2.67676e+03,6.89288e+03,9.14891e-15,5.39589e-08
12256233793.7,1.143,2.69591e+03,6.91537e+03,9.07954e-15,5.38596e-08
12259196419.3,1.143,2.71503e+03,6.93762e+03,9.01126e-15,5.37618e-08
12262159044.8,1.143,2.73411e+03,6.95961e+03,8.94405e-15,5.36657e-08
12265121670.4,1.144,2.75315e+03,6.98134e+03,8.87791e-15,5.35713e-08
12268084296.0,1.144,2.77215e+03,7.00281e+03,8.81280e-15,5.34785e-08
12271046921.6,1.144,2.79110e+03,7.02402e+03,8.74872e-15,5.33874e-08
12274009547.2,1.145,2.81001e+03,7.04495e+03,8.68564e-15,5.32980e-08
12276972172.7,1.145,2.82888e+03,7.06561e+03,8.62357e-15,5.32104e-08
12279934798.3,1.145,2.84769e+03,7.08599e+03,8.56246e-15,5.31245e-08
12282897423.9,1.145,2.86645e+03,7.10609e+03,8.50232e-15,5.30403e-08
12285860049.5,1.146,2.88516e+03,7.12591e+03,8.44312e-15,5.29579e-08
12288822675.1,1.146,2.90380e+03,7.14543e+03,8.38486e-15,5.28772e-08
12291785300.6,1.146,2.92239e+03,7.16467e+03,8.32751e-15,5.27984e-08
12294747926.2,1.146,2.94092e+03,7.18361e+03,8.27105e-15,5.27213e-08
12297710551.8,1.147,2.95939e+03,7.20226e+03,8.21549e-15,5.26460e-08
12300673177.4,1.147,2.97779e+03,7.22060e+03,8.16079e-15,5.25724e-08
12303635803.0,1.147,2.99612e+03,7.23865e+03,8.10694e-15,5.25007e-08
12306598428.5,1.148,3.01439e+03,7.25640e+03,8.05394e-15,5.24308e-08
12309561054.1,1.148,3.03259e+03,7.27385e+03,8.00176e-15,5.23626e-08
12312523679.7,1.148,3.05071e+03,7.29099e+03,7.95039e-15,5.22962e-08
12315486305.3,1.148,3.06877e+03,7.30782e+03,7.89981e-15,5.22316e-08
12318448930.9,1.149,3.08675e+03,7.32435e+03,7.85001e-15,5.21688e-08
12321411556.4,1.149,3.10465e+03,7.34058e+03,7.80098e-15,5.21077e-08
12324374182.0,1.149,3.12249e+03,7.35650e+03,7.75270e-15,5.20484e-08
12327336807.6,1.150,3.14024e+03,7.37212e+03,7.70516e-15,5.19908e-08
12330299433.2,1.150,3.15792e+03,7.38743e+03,7.65834e-15,5.19349e-08
12333262058.8,1.150,3.17553e+03,7.40244e+03,7.61222e-15,5.18807e-08
12336224684.3,1.150,3.19306e+03,7.41715e+03,7.56680e-15,5.18282e-08
12339187309.9,1.151,3.21051e+03,7.43156e+03,7.52206e-15,5.17774e-08
12342149935.5,1.151,3.22788e+03,7.44567e+03,7.47799e-15,5.17282e-08
12345112561.1,1.151,3.24517e+03,7.45948e+03,7.43456e-15,5.16806e-08
12348075186.7,1.151,3.26239e+03,7.47300e+03,7.39178e-15,5.16347e-08
12351037812.2,1.152,3.27953e+03,7.48623e+03,7.34962e-15,5.15903e-08
12354000437.8,1.152,3.29660e+03,7.49917e+03,7.30807e-15,5.15474e-08
12356963063.4,1.152,3.31358e+03,7.51183e+03,7.26711e-15,5.15061e-08
12359925689.0,1.153,3.33050e+03,7.52420e+03,7.22674e-15,5.14663e-08
12362888314.6,1.153,3.34734e+03,7.53630e+03,7.18694e-15,5.14279e-08
12365850940.1,1.153,3.36410e+03,7.54812e+03,7.14770e-15,5.13910e-08
12368813565.7,1.153,3.38079e+03,7.55967e+03,7.10900e-15,5.13555e-08
12371776191.3,1.154,3.39741e+03,7.57095e+03,7.07084e-15,5.13213e-08
12374738816.9,1.154,3.41396e+03,7.58197e+03,7.03319e-15,5.12885e-08
12377701442.5,1.154,3.43044e+03,7.59273e+03,6.99606e-15,5.12570e-08
12380664068.0,1.155,3.44685e+03,7.60323e+03,6.95941e-15,5.12268e-08
12383626693.6,1.155,3.46320e+03,7.61349e+03,6.92326e-15,5.11978e-08
12386589319.2,1.155,3.47948e+03,7.62350e+03,6.88757e-15,5.11701e-08
12389551944.8,1.155,3.49569e+03,7.63327e+03,6.85234e-15,5.11435e-08
12392514570.4,1.156,3.51185e+03,7.64281e+03,6.81756e-15,5.11180e-08
12395477195.9,1.156,3.52794e+03,7.65211e+03,6.78322e-15,5.10937e-08
12398439821.5,1.156,3.54397e+03,7.66119e+03,6.74931e-15,5.10704e-08
12401402447.1,1.156,3.55994e+03,7.67005e+03,6.71581e-15,5.10482e-08
12404365072.7,1.157,3.57586e+03,7.67869e+03,6.68272e-15,5.10270e-08
12407327698.3,1.157,3.59173e+03,7.68713e+03,6.65003e-15,5.10068e-08
12410290323.8,1.157,3.60754e+03,7.69535e+03,6.61772e-15,5.09875e-08
12413252949.4,1.158,3.62330e+03,7.70338e+03,6.58578e-15,5.09691e-08
12416215575.0,1.158,3.63902e+03,7.71121e+03,6.55422e-15,5.09515e-08
12419178200.6,1.158,3.65469e+03,7.71886e+03,6.52301e-15,5.09348e-08
12422140826.2,1.158,3.67031e+03,7.72631e+03,6.49214e-15,5.09189e-08
12425103451.7,1.159,3.68589e+03,7.73359e+03,6.46162e-15,5.09038e-08
12428066077.3,1.159,3.70142e+03,7.74069e+03,6.43143e-15,5.08895e-08
12431028702.9,1.159,3.71692e+03,7.74762e+03,6.40156e-15,5.08758e-08
12433991328.5,1.159,3.73238e+03,7.75439e+03,6.37200e-15,5.08628e-08
12436953954.1,1.160,3.74781e+03,7.76100e+03,6.34275e-15,5.08505e-08
12439916579.6,1.160,3.76320e+03,7.76745e+03,6.31380e-15,5.08388e-08
12442879205.2,1.160,3.77856e+03,7.77374e+03,6.28514e-15,5.08277e-08
12445841830.8,1.161,3.79389e+03,7.77989e+03,6.25677e-15,5.08171e-08
12448804456.4,1.161,3.80919e+03,7.78590e+03,6.22867e-15,5.08071e-08
12451767082.0,1.161,3.82447e+03,7.79177e+03,6.20084e-15,5.07976e-08
12454729707.5,1.161,3.83972e+03,7.79751e+03,6.17327e-15,5.07885e-08
12457692333.1,1.162,3.85495e+03,7.80312e+03,6.14596e-15,5.07799e-08
12460654958.7,1.162,3.87015e+03,7.80860e+03,6.11890e-15,5.07718e-08
12463617584.3,1.162,3.88534e+03,7.81396e+03,6.09209e-15,5.07640e-08
12466580209.9,1.163,3.90051e+03,7.81921e+03,6.06551e-15,5.07567e-08
12469542835.4,1.163,3.91566e+03,7.82434e+03,6.03917e-15,5.07496e-08
12472505461.0,1.163,3.93080e+03,7.82936e+03,6.01305e-15,5.07430e-08
12475468086.6,1.163,3.94593e+03,7.83428e+03,5.98716e-15,5.07366e-08
12478430712.2,1.164,3.96104e+03,7.83909e+03,5.96148e-15,5.07305e-08
12481393337.8,1.164,3.97615e+03,7.84381e+03,5.93601e-15,5.07247e-08
12484355963.3,1.164,3.99124e+03,7.84843e+03,5.91076e-15,5.07192e-08
12487318588.9,1.164,4.00633e+03,7.85296e+03,5.88570e-15,5.07139e-08
12490281214.5,1.165,4.02141e+03,7.85740e+03,5.86085e-15,5.07088e-08
12493243840.1,1.165,4.03649e+03,7.86175e+03,5.83618e-15,5.07038e-08
12496206465.7,1.165,4.05157e+03,7.86602e+03,5.81171e-15,5.06991e-08
12499169091.2,1.166,4.06664e+03,7.87021e+03,5.78742e-15,5.06945e-08
12502131716.8,1.166,4.08172e+03,7.87433e+03,5.76332e-15,5.06901e-08
12505094342.4,1.166,4.09679e+03,7.87837e+03,5.73939e-15,5.06858e-08
12508056968.0,1.166,4.11187e+03,7.88233e+03,5.71563e-15,5.06816e-08
12511019593.6,1.167,4.12695e+03,7.88623e+03,5.69205e-15,5.06775e-08
12513982219.1,1.167,4.14203e+03,7.89007e+03,5.66864e-15,5.06735e-08
12516944844.7,1.167,4.15713e+03,7.89384e+03,5.64538e-15,5.06695e-08
12519907470.3,1.167,4.17222e+03,7.89754e+03,5.62229e-15,5.06656e-08
12522870095.9,1.168,4.18733e+03,7.90119e+03,5.59936e-15,5.06618e-08
12525832721.4,1.168,4.20244e+03,7.90478e+03,5.57658e-15,5.06580e-08
12528795347.0,1.168,4.21757e+03,7.90832e+03,5.55396e-15,5.06542e-08
12531757972.6,1.169,4.23270e+03,7.91180e+03,5.53148e-15,5.06504e-08
12534720598.2,1.169,4.24785e+03,7.91523e+03,5.50915e-15,5.06466e-08
12537683223.8,1.169,4.26301e+03,7.91861e+03,5.48697e-15,5.06428e-08
12540645849.3,1.169,4.27819e+03,7.92195e+03,5.46492e-15,5.06390e-08
12543608474.9,1.170,4.29337e+03,7.92524e+03,5.44302e-15,5.06352e-08
12546571100.5,1.170,4.30858e+03,7.92848e+03,5.42125e-15,5.06313e-08
12549533726.1,1.170,4.32380e+03,7.93168e+03,5.39962e-15,5.06274e-08
12552496351.7,1.171,4.33903e+03,7.93484e+03,5.37811e-15,5.06234e-08
12555458977.2,1.171,4.35429e+03,7.93796e+03,5.35674e-15,5.06193e-08
12558421602.8,1.171,4.36956e+03,7.94105e+03,5.33550e-15,5.06152e-08
12561384228.4,1.171,4.38485e+03,7.94409e+03,5.31439e-15,5.06110e-08
12564346854.0,1.172,4.40017e+03,7.94711e+03,5.29340e-15,5.06067e-08
12567309479.6,1.172,4.41550e+03,7.95008e+03,5.27253e-15,5.06024e-08
12570272105.1,1.172,4.43085e+03,7.95303e+03,5.25178e-15,5.05979e-08
12573234730.7,1.172,4.44623e+03,7.95594e+03,5.23116e-15,5.05933e-08
12576197356.3,1.173,4.46162e+03,7.95883e+03,5.21065e-15,5.05886e-08
12579159981.9,1.173,4.47704e+03,7.96168e+03,5.19026e-15,5.05838e-08
12582122607.5,1.173,4.49249e+03,7.96450e+03,5.16998e-15,5.05789e-08
12585085233.0,1.174,4.50796e+03,7.96730e+03,5.14981e-15,5.05739e-08
12588047858.6,1.174,4.52345e+03,7.97007e+03,5.12976e-15,5.05687e-08
12591010484.2,1.174,4.53897e+03,7.97282e+03,5.10982e-15,5.05634e-08
12593973109.8,1.174,4.55451e+03,7.97554e+03,5.08998e-15,5.05580e-08
12596935735.4,1.175,4.57008e+03,7.97824e+03,5.07026e-15,5.05524e-08
12599898360.9,1.175,4.58567e+03,7.98091e+03,5.05064e-15,5.05467e-08
12602860986.5,1.175,4.60130e+03,7.98357e+03,5.03112e-15,5.05408e-08
12605823612.1,1.175,4.61695e+03,7.98620e+03,5.01171e-15,5.05348e-08
12608786237.7,1.176,4.63262e+03,7.98881e+03,4.99240e-15,5.05286e-08
12611748863.3,1.176,4.64833e+03,7.99140e+03,4.97320e-15,5.05223e-08
12614711488.8,1.176,4.66406e+03,7.99397e+03,4.95409e-15,5.05158e-08
12617674114.4,1.177,4.67983e+03,7.99653e+03,4.93509e-15,5.05091e-08
12620636740.0,1.177,4.69562e+03,7.99906e+03,4.91618e-15,5.05023e-08
12623599365.6,1.177,4.71144e+03,8.00158e+03,4.89737e-15,5.04954e-08
12626561991.2,1.177,4.72730e+03,8.00408e+03,4.87866e-15,5.04882e-08
12629524616.7,1.178,4.74318e+03,8.00657e+03,4.86004e-15,5.04809e-08
12632487242.3,1.178,4.75909e+03,8.00904e+03,4.84152e-15,5.04734e-08
12635449867.9,1.178,4.77504e+03,8.01149e+03,4.82309e-15,5.04657e-08
12638412493.5,1.179,4.79101e+03,8.01393e+03,4.80475e-15,5.04579e-08
12641375119.1,1.179,4.80702e+03,8.01635e+03,4.78651e-15,5.04499e-08
12644337744.6,1.179,4.82306e+03,8.01876e+03,4.76835e-15,5.04417e-08
12647300370.2,1.179,4.83913e+03,8.02116e+03,4.75029e-15,5.04333e-08
12650262995.8,1.180,4.85524e+03,8.02354e+03,4.73232e-15,5.04248e-08
12653225621.4,1.180,4.87137e+03,8.02592e+03,4.71443e-15,5.04160e-08
12656188247.0,1.180,4.88754e+03,8.02827e+03,4.69664e-15,5.04071e-08
12659150872.5,1.180,4.90374e+03,8.03062e+03,4.67893e-15,5.03980e-08
12662113498.1,1.181,4.91998e+03,8.03296e+03,4.66131e-15,5.03887e-08
12665076123.7,1.181,4.93625e+03,8.03528e+03,4.64377e-15,5.03793e-08
12668038749.3,1.181,4.95255e+03,8.03759e+03,4.62632e-15,5.03696e-08
12671001374.9,1.182,4.96889e+03,8.03989e+03,4.60895e-15,5.03598e-08
12673964000.4,1.182,4.98526e+03,8.04218e+03,4.59167e-15,5.03498e-08
12676926626.0,1.182,5.00167e+03,8.04447e+03,4.57447e-15,5.03396e-08
12679889251.6,1.182,5.01811e+03,8.04674e+03,4.55735e-15,5.03292e-08
12682851877.2,1.183,5.03458e+03,8.04900e+03,4.54031e-15,5.03186e-08
12685814502.8,1.183,5.05109e+03,8.05125e+03,4.52336e-15,5.03078e-08
12688777128.3,1.183,5.06764e+03,8.05349e+03,4.50649e-15,5.02969e-08
12691739753.9,1.184,5.08422e+03,8.05572e+03,4.48969e-15,5.02858e-08
12694702379.5,1.184,5.10084e+03,8.05795e+03,4.47298e-15,5.02744e-08
12697665005.1,1.184,5.11749e+03,8.06016e+03,4.45634e-15,5.02629e-08
12700627630.7,1.184,5.13418e+03,8.06237e+03,4.43979e-15,5.02512e-08
12703590256.2,1.185,5.15090e+03,8.06457e+03,4.42331e-15,5.02394e-08
12706552881.8,1.185,5.16766e+03,8.06676e+03,4.40691e-15,5.02273e-08
12709515507.4,1.185,5.18446e+03,8.06894e+03,4.39058e-15,5.02150e-08
12712478133.0,1.185,5.20129e+03,8.07112e+03,4.37433e-15,5.02026e-08
12715440758.6,1.186,5.21816e+03,8.07329e+03,4.35816e-15,5.01900e-08
12718403384.1,1.186,5.23506e+03,8.07545e+03,4.34206e-15,5.01772e-08
12721366009.7,1.186,5.25201e+03,8.07760e+03,4.32604e-15,5.01642e-08
12724328635.3,1.187,5.26899e+03,8.07974e+03,4.31009e-15,5.01510e-08
12727291260.9,1.187,5.28600e+03,8.08188e+03,4.29422e-15,5.01377e-08
12730253886.5,1.187,5.30306e+03,8.08401e+03,4.27842e-15,5.01241e-08
12733216512.0,1.187,5.32015e+03,8.08614e+03,4.26269e-15,5.01104e-08
12736179137.6,1.188,5.33727e+03,8.08825e+03,4.24703e-15,5.00965e-08
12739141763.2,1.188,5.35444e+03,8.09036e+03,4.23145e-15,5.00824e-08
12742104388.8,1.188,5.37164e+03,8.09247e+03,4.21593e-15,5.00682e-08
12745067014.4,1.188,5.38888e+03,8.09457e+03,4.20049e-15,5.00537e-08
12748029639.9,1.189,5.40616e+03,8.09666e+03,4.18512e-15,5.00391e-08
12750992265.5,1.189,5.42348e+03,8.09874e+03,4.16982e-15,5.00243e-08
12753954891.1,1.189,5.44084e+03,8.10082e+03,4.15459e-15,5.00093e-08
12756917516.7,1.190,5.45823e+03,8.10289e+03,4.13943e-15,4.99942e-08
12759880142.3,1.190,5.47566e+03,8.10496e+03,4.12433e-15,4.99788e-08
12762842767.8,1.190,5.49313e+03,8.10702e+03,4.10931e-15,4.99633e-08
12765805393.4,1.190,5.51064e+03,8.10907e+03,4.09435e-15,4.99476e-08
12768768019.0,1.191,5.52819e+03,8.11112e+03,4.07946e-15,4.99318e-08
12771730644.6,1.191,5.54577e+03,8.11317e+03,4.06464e-15,4.99157e-08
12774693270.2,1.191,5.56340e+03,8.11520e+03,4.04988e-15,4.98995e-08
12777655895.7,1.192,5.58106e+03,8.11724e+03,4.03519e-15,4.98832e-08
12780618521.3,1.192,5.59876e+03,8.11926e+03,4.02057e-15,4.98666e-08
12783581146.9,1.192,5.61650e+03,8.12128e+03,4.00601e-15,4.98499e-08
12786543772.5,1.192,5.63428e+03,8.12330e+03,3.99152e-15,4.98330e-08
12789506398.1,1.193,5.65210e+03,8.12531e+03,3.97709e-15,4.98159e-08
12792469023.6,1.193,5.66996e+03,8.12731e+03,3.96273e-15,4.97987e-08
12795431649.2,1.193,5.68786e+03,8.12931e+03,3.94843e-15,4.97813e-08
12798394274.8,1.193,5.70579e+03,8.13130e+03,3.93420e-15,4.97637e-08
12801356900.4,1.194,5.72377e+03,8.13329e+03,3.92003e-15,4.97459e-08
12804319526.0,1.194,5.74179e+03,8.13528e+03,3.90592e-15,4.97280e-08
12807282151.5,1.194,5.75984e+03,8.13725e+03,3.89187e-15,4.97100e-08
12810244777.1,1.195,5.77794e+03,8.13923e+03,3.87789e-15,4.96917e-08
12813207402.7,1.195,5.79608e+03,8.14120e+03,3.86397e-15,4.96733e-08
12816170028.3,1.195,5.81425e+03,8.14316e+03,3.85011e-15,4.96548e-08
12819184641.3,1.195,5.83279e+03,8.14515e+03,3.83607e-15,4.96357e-08
12822252154.0,1.196,5.85169e+03,8.14717e+03,3.82185e-15,4.96162e-08
12825373494.7,1.196,5.87097e+03,8.14923e+03,3.80744e-15,4.95961e-08
12828549607.9,1.196,5.89063e+03,8.15131e+03,3.79286e-15,4.95755e-08
12831781454.7,1.197,5.91069e+03,8.15342e+03,3.77808e-15,4.95543e-08
12835070013.3,1.197,5.93114e+03,8.15557e+03,3.76312e-15,4.95326e-08
12838416278.6,1.197,5.95201e+03,8.15774e+03,3.74797e-15,4.95103e-08
12841821263.4,1.198,5.97330e+03,8.15995e+03,3.73264e-15,4.94873e-08
12845285998.1,1.198,5.99501e+03,8.16219e+03,3.71711e-15,4.94638e-08
12848811531.0,1.198,6.01717e+03,8.16446e+03,3.70140e-15,4.94397e-08
12852398929.2,1.198,6.03977e+03,8.16677e+03,3.68549e-15,4.94149e-08
12856049278.1,1.199,6.06283e+03,8.16911e+03,3.66938e-15,4.93894e-08
12859763682.5,1.199,6.08635e+03,8.17148e+03,3.65309e-15,4.93633e-08
12863543266.3,1.200,6.11036e+03,8.17389e+03,3.63660e-15,4.93364e-08
12867389173.4,1.200,6.13486e+03,8.17633e+03,3.61991e-15,4.93089e-08
12871302567.5,1.200,6.15985e+03,8.17881e+03,3.60303e-15,4.92806e-08
12875284632.9,1.201,6.18536e+03,8.18132e+03,3.58595e-15,4.92515e-08
12879336574.6,1.201,6.21140e+03,8.18387e+03,3.56868e-15,4.92216e-08
12883459618.8,1.201,6.23797e+03,8.18646e+03,3.55120e-15,4.91910e-08
12887655013.1,1.202,6.26509e+03,8.18908e+03,3.53353e-15,4.91595e-08
12891924027.3,1.202,6.29277e+03,8.19174e+03,3.51565e-15,4.91272e-08
12896267953.0,1.203,6.32102e+03,8.19443e+03,3.49758e-15,4.90940e-08
12900688104.9,1.203,6.34987e+03,8.19716e+03,3.47931e-15,4.90599e-08
12905185820.6,1.203,6.37931e+03,8.19993e+03,3.46084e-15,4.90249e-08
12909762461.0,1.204,6.40937e+03,8.20274e+03,3.44216e-15,4.89889e-08
12914419411.3,1.204,6.44007e+03,8.20559e+03,3.42329e-15,4.89520e-08
12919158080.5,1.205,6.47140e+03,8.20848e+03,3.40421e-15,4.89141e-08
12923979902.8,1.205,6.50340e+03,8.21140e+03,3.38493e-15,4.88751e-08
12928886337.3,1.206,6.53608e+03,8.21437e+03,3.36546e-15,4.88351e-08
12933878868.6,1.206,6.56944e+03,8.21737e+03,3.34578e-15,4.87941e-08
12938959007.7,1.207,6.60352e+03,8.22042e+03,3.32590e-15,4.87519e-08
12944128291.8,1.207,6.63833e+03,8.22350e+03,3.30582e-15,4.87086e-08
12949388285.3,1.208,6.67388e+03,8.22663e+03,3.28554e-15,4.86641e-08
12954740579.9,1.208,6.71019e+03,8.22980e+03,3.26506e-15,4.86184e-08
12960186795.2,1.209,6.74728e+03,8.23301e+03,3.24438e-15,4.85715e-08
12965728579.3,1.209,6.78518e+03,8.23626e+03,3.22350e-15,4.85233e-08
12971367609.4,1.210,6.82389e+03,8.23956e+03,3.20243e-15,4.84739e-08
12977105591.8,1.210,6.86344e+03,8.24289e+03,3.18116e-15,4.84231e-08
12982944262.9,1.211,6.90386e+03,8.24627e+03,3.15969e-15,4.83709e-08
12988885389.6,1.211,6.94516e+03,8.24969e+03,3.13803e-15,4.83174e-08
12994930769.7,1.212,6.98736e+03,8.25316e+03,3.11618e-15,4.82624e-08
13001082232.7,1.212,7.03050e+03,8.25666e+03,3.09413e-15,4.82059e-08
13007341640.0,1.213,7.07458e+03,8.26021e+03,3.07189e-15,4.81479e-08
13013710886.0,1.214,7.11964e+03,8.26381e+03,3.04946e-15,4.80884e-08
13020191897.8,1.214,7.16570e+03,8.26745e+03,3.02684e-15,4.80273e-08
13026786637.0,1.215,7.21279e+03,8.27113e+03,3.00404e-15,4.79645e-08
13033497098.9,1.215,7.26092e+03,8.27485e+03,2.98105e-15,4.79001e-08
13040325314.5,1.216,7.31014e+03,8.27862e+03,2.95788e-15,4.78339e-08
13047273349.9,1.217,7.36047e+03,8.28244e+03,2.93453e-15,4.77660e-08
13054343307.7,1.217,7.41193e+03,8.28629e+03,2.91100e-15,4.76963e-08
13061537327.5,1.218,7.46456e+03,8.29020e+03,2.88729e-15,4.76247e-08
13068857586.1,1.219,7.51839e+03,8.29414e+03,2.86341e-15,4.75512e-08
13076306298.9,1.219,7.57344e+03,8.29813e+03,2.83935e-15,4.74758e-08
13083885719.8,1.220,7.62976e+03,8.30217e+03,2.81513e-15,4.73984e-08
13091598142.6,1.221,7.68737e+03,8.30624e+03,2.79074e-15,4.73189e-08
13099445901.1,1.222,7.74631e+03,8.31037e+03,2.76619e-15,4.72373e-08
13107431370.2,1.222,7.80662e+03,8.31453e+03,2.74148e-15,4.71536e-08
13115556966.3,1.223,7.86833e+03,8.31874e+03,2.71661e-15,4.70676e-08
13123825148.4,1.224,7.93148e+03,8.32299e+03,2.69158e-15,4.69794e-08
13132238418.6,1.225,7.99611e+03,8.32729e+03,2.66641e-15,4.68888e-08
13140799322.8,1.225,8.06226e+03,8.33162e+03,2.64109e-15,4.67959e-08
13149510451.6,1.226,8.12997e+03,8.33600e+03,2.61562e-15,4.67005e-08
13158374441.2,1.227,8.19929e+03,8.34043e+03,2.59002e-15,4.66027e-08
13167393974.0,1.228,8.27026e+03,8.34489e+03,2.56427e-15,4.65022e-08
13176571779.3,1.229,8.34292e+03,8.34939e+03,2.53840e-15,4.63992e-08
13185910634.5,1.230,8.41733e+03,8.35394e+03,2.51240e-15,4.62934e-08
13195413365.7,1.230,8.49353e+03,8.35852e+03,2.48627e-15,4.61849e-08
13205082848.4,1.231,8.57158e+03,8.36315e+03,2.46003e-15,4.60735e-08
13214922008.9,1.232,8.65152e+03,8.36781e+03,2.43367e-15,4.59592e-08
13224933824.6,1.233,8.73341e+03,8.37251e+03,2.40720e-15,4.58420e-08
13235121325.2,1.234,8.81731e+03,8.37724e+03,2.38063e-15,4.57217e-08
13245487593.6,1.235,8.90327e+03,8.38202e+03,2.35395e-15,4.55983e-08
13256035766.7,1.236,8.99136e+03,8.38683e+03,2.32718e-15,4.54717e-08
13266769036.6,1.237,9.08164e+03,8.39167e+03,2.30032e-15,4.53419e-08
13277690651.3,1.238,9.17417e+03,8.39654e+03,2.27338e-15,4.52086e-08
13288803915.9,1.239,9.26901e+03,8.40145e+03,2.24635e-15,4.50720e-08
13300112193.3,1.240,9.36624e+03,8.40639e+03,2.21925e-15,4.49318e-08
13311618905.6,1.241,9.46593e+03,8.41136e+03,2.19209e-15,4.47880e-08
13323327534.9,1.242,9.56815e+03,8.41636e+03,2.16486e-15,4.46405e-08
13335241624.4,1.244,9.67298e+03,8.42138e+03,2.13757e-15,4.44892e-08
13347364779.4,1.245,9.78049e+03,8.42643e+03,2.11024e-15,4.43340e-08
13359700668.6,1.246,9.89077e+03,8.43150e+03,2.08286e-15,4.41749e-08
13372253025.0,1.247,1.00039e+04,8.43660e+03,2.05544e-15,4.40116e-08
13385025647.0,1.248,1.01200e+04,8.44172e+03,2.02798e-15,4.38443e-08
13398022399.9,1.249,1.02391e+04,8.44685e+03,2.00051e-15,4.36726e-08
13411247216.7,1.251,1.03613e+04,8.45201e+03,1.97301e-15,4.34966e-08
13424704099.4,1.252,1.04868e+04,8.45718e+03,1.94550e-15,4.33161e-08
13438397120.1,1.253,1.06155e+04,8.46236e+03,1.91799e-15,4.31310e-08
13452330422.6,1.254,1.07477e+04,8.46756e+03,1.89047e-15,4.29412e-08
13466508223.4,1.256,1.08835e+04,8.47276e+03,1.86296e-15,4.27466e-08
13480934812.7,1.257,1.10229e+04,8.47798e+03,1.83547e-15,4.25471e-08
13495614556.3,1.258,1.11660e+04,8.48320e+03,1.80800e-15,4.23426e-08
13510551896.5,1.260,1.13131e+04,8.48842e+03,1.78055e-15,4.21330e-08
13525751353.5,1.261,1.14641e+04,8.49365e+03,1.75315e-15,4.19181e-08
13541217526.9,1.263,1.16193e+04,8.49887e+03,1.72578e-15,4.16978e-08
13556955096.9,1.264,1.17788e+04,8.50409e+03,1.69846e-15,4.14720e-08
13572968825.9,1.266,1.19427e+04,8.50931e+03,1.67121e-15,4.12406e-08
13589263560.0,1.267,1.21112e+04,8.51452e+03,1.64401e-15,4.10035e-08
13605844230.1,1.269,1.22843e+04,8.51972e+03,1.61689e-15,4.07605e-08
13622715853.8,1.270,1.24624e+04,8.52491e+03,1.58984e-15,4.05115e-08
13639883536.6,1.272,1.26454e+04,8.53008e+03,1.56288e-15,4.02565e-08
13657352473.7,1.274,1.28337e+04,8.53524e+03,1.53602e-15,3.99952e-08
13675127951.5,1.275,1.30274e+04,8.54038e+03,1.50925e-15,3.97276e-08
13693215349.0,1.277,1.32266e+04,8.54550e+03,1.48260e-15,3.94535e-08
13711620139.8,1.279,1.34315e+04,8.55060e+03,1.45606e-15,3.91729e-08
13730347893.4,1.280,1.36424e+04,8.55568e+03,1.42964e-15,3.88856e-08
13749404277.0,1.282,1.38594e+04,8.56072e+03,1.40336e-15,3.85915e-08
13768795057.4,1.284,1.40828e+04,8.56574e+03,1.37721e-15,3.82905e-08
13788526102.5,1.286,1.43127e+04,8.57073e+03,1.35121e-15,3.79826e-08
13808603383.2,1.288,1.45494e+04,8.57568e+03,1.32537e-15,3.76675e-08
13829032975.1,1.290,1.47932e+04,8.58061e+03,1.29968e-15,3.73453e-08
13849821060.6,1.292,1.50442e+04,8.58549e+03,1.27416e-15,3.70158e-08
13870973930.3,1.293,1.53027e+04,8.59034e+03,1.24882e-15,3.66790e-08
13892497985.4,1.295,1.55689e+04,8.59515e+03,1.22366e-15,3.63348e-08
13914399739.3,1.298,1.58432e+04,8.59992e+03,1.19869e-15,3.59832e-08
13936685819.9,1.300,1.61259e+04,8.60465e+03,1.17392e-15,3.56241e-08
13959362971.3,1.302,1.64171e+04,8.60933e+03,1.14935e-15,3.52575e-08
13982438055.8,1.304,1.67171e+04,8.61397e+03,1.12500e-15,3.48834e-08
14005918056.2,1.306,1.70264e+04,8.61856e+03,1.10086e-15,3.45018e-08
14029810078.0,1.308,1.73452e+04,8.62311e+03,1.07696e-15,3.41128e-08
14054121351.1,1.311,1.76737e+04,8.62761e+03,1.05328e-15,3.37162e-08
14078859232.5,1.313,1.80125e+04,8.63206e+03,1.02984e-15,3.33123e-08
14104031208.3,1.315,1.83617e+04,8.63646e+03,1.00665e-15,3.29010e-08
14129644895.8,1.318,1.87217e+04,8.64081e+03,9.83717e-16,3.24825e-08
14155708046.0,1.320,1.90930e+04,8.64510e+03,9.61040e-16,3.20568e-08
14182228546.1,1.323,1.94758e+04,8.64934e+03,9.38629e-16,3.16242e-08
14209214421.4,1.325,1.98706e+04,8.65352e+03,9.16489e-16,3.11847e-08
14236673838.3,1.328,2.02777e+04,8.65765e+03,8.94627e-16,3.07386e-08
14264615106.3,1.330,2.06976e+04,8.66172e+03,8.73049e-16,3.02860e-08
14293046680.9,1.333,2.11306e+04,8.66573e+03,8.51760e-16,2.98271e-08
14321977165.9,1.336,2.15771e+04,8.66967e+03,8.30765e-16,2.93623e-08
14351415316.0,1.338,2.20377e+04,8.67355e+03,8.10070e-16,2.88918e-08
14381370039.6,1.341,2.25126e+04,8.67736e+03,7.89679e-16,2.84159e-08
14411850401.3,1.344,2.30025e+04,8.68110e+03,7.69596e-16,2.79348e-08
14442865625.1,1.347,2.35076e+04,8.68476e+03,7.49828e-16,2.74491e-08
14474425096.4,1.350,2.40285e+04,8.68834e+03,7.30376e-16,2.69589e-08
14506538365.6,1.353,2.45657e+04,8.69185e+03,7.11245e-16,2.64647e-08
14539215150.7,1.356,2.51196e+04,8.69526e+03,6.92439e-16,2.59669e-08
14572465340.1,1.359,2.56907e+04,8.69859e+03,6.73960e-16,2.54659e-08
14606298995.6,1.362,2.62794e+04,8.70182e+03,6.55811e-16,2.49621e-08
14640726356.0,1.365,2.68864e+04,8.70494e+03,6.37995e-16,2.44561e-08
14675757839.2,1.369,2.75120e+04,8.70796e+03,6.20513e-16,2.39482e-08
14711404046.4,1.372,2.81569e+04,8.71085e+03,6.03367e-16,2.34390e-08
14747675764.6,1.375,2.88214e+04,8.71363e+03,5.86559e-16,2.29289e-08
14784583970.1,1.379,2.95061e+04,8.71627e+03,5.70090e-16,2.24184e-08
14822139831.7,1.382,3.02116e+04,8.71877e+03,5.53960e-16,2.19080e-08
14860354714.5,1.386,3.09383e+04,8.72112e+03,5.38169e-16,2.13982e-08
14899240182.7,1.389,3.16867e+04,8.72330e+03,5.22717e-16,2.08896e-08
14938808003.7,1.393,3.24575e+04,8.72532e+03,5.07604e-16,2.03826e-08
14979070151.2,1.397,3.32511e+04,8.72715e+03,4.92828e-16,1.98777e-08
15020038809.0,1.401,3.40681e+04,8.72879e+03,4.78389e-16,1.93754e-08
15061726374.8,1.405,3.49089e+04,8.73022e+03,4.64285e-16,1.88762e-08
15104145463.9,1.408,3.57742e+04,8.73142e+03,4.50514e-16,1.83806e-08
15147308912.9,1.412,3.66644e+04,8.73240e+03,4.37074e-16,1.78890e-08
15191229783.5,1.417,3.75800e+04,8.73312e+03,4.23961e-16,1.74019e-08
15235921366.9,1.421,3.85217e+04,8.73357e+03,4.11174e-16,1.69197e-08
15281397187.4,1.425,3.94899e+04,8.73375e+03,3.98709e-16,1.64428e-08
15327671006.4,1.429,4.04851e+04,8.73362e+03,3.86563e-16,1.59716e-08
15374756827.2,1.434,4.15079e+04,8.73318e+03,3.74731e-16,1.55065e-08
15422668898.4,1.438,4.25588e+04,8.73240e+03,3.63210e-16,1.50478e-08
15471421719.1,1.443,4.36382e+04,8.73127e+03,3.51996e-16,1.45959e-08
15521030042.4,1.447,4.47468e+04,8.72976e+03,3.41085e-16,1.41511e-08
15571508880.4,1.452,4.58849e+04,8.72787e+03,3.30471e-16,1.37137e-08
15622873508.8,1.457,4.70532e+04,8.72556e+03,3.20150e-16,1.32839e-08
15675139471.2,1.462,4.82520e+04,8.72282e+03,3.10117e-16,1.28619e-08
15728322584.0,1.467,4.94818e+04,8.71962e+03,3.00367e-16,1.24480e-08
15782438941.1,1.472,5.07432e+04,8.71594e+03,2.90895e-16,1.20424e-08
15837504918.9,1.477,5.20366e+04,8.71176e+03,2.81695e-16,1.16452e-08
15893537181.0,1.482,5.33624e+04,8.70706e+03,2.72762e-16,1.12566e-08
15950552683.6,1.487,5.47212e+04,8.70181e+03,2.64091e-16,1.08767e-08
16008568680.4,1.493,5.61132e+04,8.69599e+03,2.55676e-16,1.05056e-08
16067602727.8,1.498,5.75391e+04,8.68957e+03,2.47511e-16,1.01433e-08
16127672690.3,1.504,5.89992e+04,8.68254e+03,2.39590e-16,9.78993e-09
16188796745.8,1.510,6.04938e+04,8.67486e+03,2.31909e-16,9.44550e-09
16250993391.4,1.515,6.20235e+04,8.66651e+03,2.24461e-16,9.11002e-09
16314281448.6,1.521,6.35886e+04,8.65747e+03,2.17241e-16,8.78347e-09
16378680069.2,1.527,6.51895e+04,8.64771e+03,2.10242e-16,8.46584e-09
16444208741.1,1.533,6.68266e+04,8.63721e+03,2.03460e-16,8.15709e-09
16510887294.3,1.540,6.85002e+04,8.62594e+03,1.96889e-16,7.85715e-09
16578735906.4,1.546,7.02106e+04,8.61387e+03,1.90523e-16,7.56595e-09
16647775109.4,1.552,7.19584e+04,8.60099e+03,1.84357e-16,7.28341e-09
16718025795.6,1.559,7.37436e+04,8.58727e+03,1.78385e-16,7.00942e-09
16789509223.7,1.566,7.55668e+04,8.57269e+03,1.72601e-16,6.74387e-09
16862247025.7,1.572,7.74283e+04,8.55722e+03,1.67001e-16,6.48665e-09
16936261212.8,1.579,7.93282e+04,8.54083e+03,1.61580e-16,6.23761e-09
17011574182.9,1.586,8.12670e+04,8.52352e+03,1.56331e-16,5.99663e-09
17088208726.7,1.593,8.32450e+04,8.50525e+03,1.51251e-16,5.76355e-09
17166188034.7,1.601,8.52624e+04,8.48601e+03,1.46333e-16,5.53822e-09
17245535704.7,1.608,8.73196e+04,8.46577e+03,1.41573e-16,5.32048e-09
17326275748.3,1.616,8.94168e+04,8.44453e+03,1.36967e-16,5.11016e-09
17408432598.5,1.623,9.15544e+04,8.42225e+03,1.32509e-16,4.90710e-09
17492031117.1,1.631,9.37327e+04,8.39894e+03,1.28196e-16,4.71112e-09
17577096602.2,1.639,9.59519e+04,8.37456e+03,1.24021e-16,4.52205e-09
17663654795.7,1.647,9.82123e+04,8.34911e+03,1.19982e-16,4.33972e-09
17751731891.3,1.655,1.00514e+05,8.32258e+03,1.16073e-16,4.16393e-09
17841354542.4,1.664,1.02858e+05,8.29495e+03,1.12291e-16,3.99452e-09
17932549869.9,1.672,1.05245e+05,8.26622e+03,1.08632e-16,3.83131e-09
18025345470.8,1.681,1.07673e+05,8.23637e+03,1.05090e-16,3.67411e-09
18119769426.3,1.690,1.10145e+05,8.20541e+03,1.01664e-16,3.52276e-09
18215850310.4,1.699,1.12660e+05,8.17333e+03,9.83483e-17,3.37706e-09
18313617198.4,1.708,1.15219e+05,8.14013e+03,9.51398e-17,3.23686e-09
18413099676.1,1.717,1.17823e+05,8.10580e+03,9.20350e-17,3.10198e-09
18514327848.0,1.726,1.20471e+05,8.07035e+03,8.90303e-17,2.97224e-09
18617332347.2,1.736,1.23164e+05,8.03378e+03,8.61224e-17,2.84747e-09
18722144344.3,1.746,1.25902e+05,7.99610e+03,8.33082e-17,2.72753e-09
18828795556.8,1.756,1.28687e+05,7.95730e+03,8.05844e-17,2.61223e-09
18937318258.9,1.766,1.31519e+05,7.91741e+03,7.79479e-17,2.50143e-09
19047745290.8,1.776,1.34399e+05,7.87643e+03,7.53960e-17,2.39498e-09
19160110069.5,1.787,1.37326e+05,7.83436e+03,7.29256e-17,2.29271e-09
19274446597.9,1.797,1.40302e+05,7.79123e+03,7.05341e-17,2.19448e-09
19390789475.9,1.808,1.43328e+05,7.74705e+03,6.82188e-17,2.10015e-09
19509173910.4,1.819,1.46404e+05,7.70183e+03,6.59772e-17,2.00957e-09
19629635726.2,1.830,1.49532e+05,7.65558e+03,6.38067e-17,1.92262e-09
19752211376.5,1.842,1.52712e+05,7.60834e+03,6.17050e-17,1.83916e-09
19876937954.6,1.854,1.55944e+05,7.56011e+03,5.96697e-17,1.75906e-09
20003853204.2,1.865,1.59231e+05,7.51092e+03,5.76987e-17,1.68220e-09
20132995531.8,1.877,1.62573e+05,7.46079e+03,5.57898e-17,1.60846e-09
20264404017.5,1.890,1.65971e+05,7.40974e+03,5.39410e-17,1.53772e-09
20398118427.3,1.902,1.69427e+05,7.35779e+03,5.21502e-17,1.46986e-09
20534179225.0,1.915,1.72941e+05,7.30497e+03,5.04156e-17,1.40478e-09
20672627584.5,1.928,1.76515e+05,7.25131e+03,4.87353e-17,1.34238e-09
20813505402.0,1.941,1.80150e+05,7.19682e+03,4.71075e-17,1.28255e-09
20956855309.3,1.954,1.83848e+05,7.14154e+03,4.55306e-17,1.22519e-09
21102720685.8,1.968,1.87610e+05,7.08548e+03,4.40028e-17,1.17021e-09
21251145672.4,1.982,1.91437e+05,7.02869e+03,4.25227e-17,1.11752e-09
21402175184.5,1.996,1.95332e+05,6.97117e+03,4.10887e-17,1.06702e-09
21555854925.8,2.010,1.99295e+05,6.91297e+03,3.96994e-17,1.01864e-09
21712231401.7,2.025,2.03328e+05,6.85410e+03,3.83533e-17,9.72289e-10
21871351934.0,2.040,2.07434e+05,6.79460e+03,3.70491e-17,9.27891e-10
22033264674.6,2.055,2.11613e+05,6.73449e+03,3.57854e-17,8.85369e-10
22198018620.6,2.070,2.15868e+05,6.67380e+03,3.45611e-17,8.44650e-10
22365663628.7,2.086,2.20201e+05,6.61256e+03,3.33750e-17,8.05663e-10
22536250430.6,2.102,2.24614e+05,6.55080e+03,3.22257e-17,7.68339e-10
22709830648.2,2.118,2.29108e+05,6.48854e+03,3.11123e-17,7.32614e-10
22886456809.2,2.134,2.33687e+05,6.42581e+03,3.00337e-17,6.98424e-10
23066182363.1,2.151,2.38351e+05,6.36264e+03,2.89888e-17,6.65708e-10
23249061697.2,2.168,2.43104e+05,6.29905e+03,2.79766e-17,6.34408e-10
23435150153.3,2.185,2.47948e+05,6.23508e+03,2.69961e-17,6.04467e-10
23624504044.4,2.203,2.52884e+05,6.17075e+03,2.60464e-17,5.75831e-10
23817180671.5,2.221,2.57917e+05,6.10609e+03,2.51266e-17,5.48448e-10
24013238341.1,2.239,2.63047e+05,6.04112e+03,2.42358e-17,5.22268e-10
24212736383.0,2.258,2.68278e+05,5.97587e+03,2.33732e-17,4.97242e-10
24415735167.9,2.277,2.73613e+05,5.91037e+03,2.25379e-17,4.73323e-10
24622296126.1,2.296,2.79053e+05,5.84464e+03,2.17292e-17,4.50468e-10
24832481765.7,2.316,2.84603e+05,5.77871e+03,2.09463e-17,4.28632e-10
25046355691.8,2.336,2.90265e+05,5.71261e+03,2.01884e-17,4.07773e-10
25263982625.4,2.356,2.96042e+05,5.64636e+03,1.94548e-17,3.87853e-10
25485428423.5,2.377,3.01937e+05,5.57999e+03,1.87449e-17,3.68833e-10
25710760098.5,2.398,3.07953e+05,5.51352e+03,1.80579e-17,3.50675e-10
25940045838.9,2.419,3.14093e+05,5.44698e+03,1.73932e-17,3.33344e-10
26150947763.8,2.439,3.19759e+05,5.38673e+03,1.68105e-17,3.18348e-10
26361849688.8,2.458,3.25441e+05,5.32740e+03,1.62537e-17,3.04195e-10
26591135429.2,2.480,3.31638e+05,5.26393e+03,1.56761e-17,2.89697e-10
26816467104.2,2.501,3.37749e+05,5.20257e+03,1.51348e-17,2.76288e-10
27037912902.3,2.521,3.43773e+05,5.14324e+03,1.46270e-17,2.63864e-10
27255539835.9,2.542,3.49713e+05,5.08588e+03,1.41498e-17,2.52333e-10
27469413761.9,2.562,3.55570e+05,5.03038e+03,1.37008e-17,2.41612e-10
27679599401.6,2.581,3.61344e+05,4.97668e+03,1.32779e-17,2.31629e-10
27886160359.8,2.600,3.67037e+05,4.92472e+03,1.28790e-17,2.22318e-10
28089159144.7,2.619,3.72649e+05,4.87441e+03,1.25023e-17,2.13622e-10
28288657186.6,2.638,3.78181e+05,4.82569e+03,1.21463e-17,2.05489e-10
28484714856.2,2.656,3.83634e+05,4.77851e+03,1.18093e-17,1.97872e-10
28677391483.2,2.674,3.89010e+05,4.73280e+03,1.14902e-17,1.90729e-10
28866745374.3,2.692,3.94308e+05,4.68850e+03,1.11875e-17,1.84021e-10
29052833830.5,2.709,3.99530e+05,4.64557e+03,1.09003e-17,1.77716e-10
29235713164.6,2.726,4.04676e+05,4.60394e+03,1.06274e-17,1.71781e-10
29415438718.5,2.743,4.09748e+05,4.56357e+03,1.03680e-17,1.66189e-10
29592064879.5,2.759,4.14747e+05,4.52441e+03,1.01211e-17,1.60914e-10
29765645097.0,2.776,4.19672e+05,4.48641e+03,9.88603e-18,1.55933e-10
29936231899.0,2.792,4.24526e+05,4.44954e+03,9.66194e-18,1.51226e-10
30103876907.1,2.807,4.29308e+05,4.41374e+03,9.44819e-18,1.46771e-10
30268630853.1,2.823,4.34019e+05,4.37899e+03,9.24416e-18,1.42553e-10
30430543593.7,2.838,4.38661e+05,4.34524e+03,9.04926e-18,1.38555e-10
30589664126.0,2.853,4.43234e+05,4.31246e+03,8.86296e-18,1.34761e-10
30746040601.9,2.867,4.47739e+05,4.28061e+03,8.68476e-18,1.31159e-10
30899720343.2,2.881,4.52177e+05,4.24966e+03,8.51419e-18,1.27736e-10
31050749855.3,2.895,4.56548e+05,4.21957e+03,8.35084e-18,1.24481e-10
31199174841.9,2.909,4.60854e+05,4.19032e+03,8.19429e-18,1.21382e-10
31345040218.4,2.923,4.65094e+05,4.16189e+03,8.04418e-18,1.18430e-10
31488390125.6,2.936,4.69271e+05,4.13423e+03,7.90016e-18,1.15617e-10
31629267943.2,2.949,4.73384e+05,4.10732e+03,7.76190e-18,1.12933e-10
31767716302.7,2.962,4.77434e+05,4.08114e+03,7.62911e-18,1.10371e-10
31903777100.4,2.975,4.81423e+05,4.05567e+03,7.50150e-18,1.07924e-10
32037491510.2,2.988,4.85351e+05,4.03087e+03,7.37881e-18,1.05584e-10
32168899995.9,3.000,4.89219e+05,4.00673e+03,7.26079e-18,1.03347e-10
32298042323.4,3.012,4.93027e+05,3.98323e+03,7.14721e-18,1.01206e-10
32424957573.1,3.024,4.96776e+05,3.96034e+03,7.03784e-18,9.91559e-11
32549684151.1,3.035,5.00467e+05,3.93805e+03,6.93250e-18,9.71915e-11
32672259801.5,3.047,5.04101e+05,3.91634e+03,6.83097e-18,9.53082e-11
32792721617.2,3.058,5.07679e+05,3.89518e+03,6.73309e-18,9.35018e-11
32911106051.7,3.069,5.11201e+05,3.87456e+03,6.63868e-18,9.17681e-11
33027448929.7,3.080,5.14668e+05,3.85446e+03,6.54759e-18,9.01034e-11
33141785458.2,3.090,5.18081e+05,3.83487e+03,6.45965e-18,8.85041e-11
33254150236.8,3.101,5.21440e+05,3.81578e+03,6.37474e-18,8.69669e-11
33364577268.8,3.111,5.24746e+05,3.79715e+03,6.29271e-18,8.54887e-11
33473099970.9,3.121,5.28001e+05,3.77899e+03,6.21344e-18,8.40666e-11
33579751183.4,3.131,5.31204e+05,3.76128e+03,6.13680e-18,8.26977e-11
33684563180.5,3.141,5.34356e+05,3.74400e+03,6.06269e-18,8.13795e-11
33787567679.7,3.151,5.37459e+05,3.72714e+03,5.99100e-18,8.01097e-11
33888795851.6,3.160,5.40512e+05,3.71069e+03,5.92162e-18,7.88858e-11
33988278329.2,3.169,5.43516e+05,3.69464e+03,5.85446e-18,7.77058e-11
34086045217.3,3.179,5.46473e+05,3.67897e+03,5.78943e-18,7.65677e-11
34182126101.4,3.188,5.49382e+05,3.66367e+03,5.72644e-18,7.54694e-11
34276550056.9,3.196,5.52245e+05,3.64874e+03,5.66541e-18,7.44093e-11
34369345657.8,3.205,5.55062e+05,3.63416e+03,5.60626e-18,7.33856e-11
34460540985.3,3.213,5.57834e+05,3.61993e+03,5.54892e-18,7.23967e-11
34550163636.4,3.222,5.60562e+05,3.60602e+03,5.49331e-18,7.14410e-11
34638240732.0,3.230,5.63245e+05,3.59244e+03,5.43937e-18,7.05172e-11
34724798925.5,3.238,5.65885e+05,3.57917e+03,5.38704e-18,6.96239e-11
34809864410.5,3.246,5.68483e+05,3.56621e+03,5.33625e-18,6.87598e-11
34893462929.2,3.254,5.71038e+05,3.55355e+03,5.28694e-18,6.79236e-11
34975619779.4,3.261,5.73552e+05,3.54117e+03,5.23906e-18,6.71143e-11
35056359822.9,3.269,5.76026e+05,3.52908e+03,5.19257e-18,6.63306e-11
35135707492.9,3.276,5.78459e+05,3.51726e+03,5.14740e-18,6.55717e-11
35213686801.0,3.284,5.80853e+05,3.50571e+03,5.10351e-18,6.48364e-11
35290321344.8,3.291,5.83207e+05,3.49441e+03,5.06085e-18,6.41238e-11
35365634314.9,3.298,5.85524e+05,3.48337e+03,5.01938e-18,6.34330e-11
35439648502.0,3.305,5.87802e+05,3.47257e+03,4.97906e-18,6.27633e-11
35512386303.9,3.312,5.90043e+05,3.46201e+03,4.93985e-18,6.21137e-11
35583869732.1,3.318,5.92248e+05,3.45169e+03,4.90171e-18,6.14835e-11
35654120418.2,3.325,5.94416e+05,3.44159e+03,4.86460e-18,6.08720e-11
35723159621.3,3.331,5.96549e+05,3.43171e+03,4.82849e-18,6.02784e-11
35791008233.4,3.338,5.98647e+05,3.42205e+03,4.79334e-18,5.97022e-11
35857686786.5,3.344,6.00711e+05,3.41260e+03,4.75913e-18,5.91426e-11
35923215458.5,3.350,6.02740e+05,3.40335e+03,4.72582e-18,5.85990e-11
35987614079.1,3.356,6.04736e+05,3.39430e+03,4.69338e-18,5.80709e-11
36050902136.3,3.362,6.06699e+05,3.38545e+03,4.66178e-18,5.75577e-11
36113098781.9,3.368,6.08630e+05,3.37679e+03,4.63100e-18,5.70590e-11
36174222837.4,3.373,6.10529e+05,3.36831e+03,4.60100e-18,5.65740e-11
36234292799.9,3.379,6.12397e+05,3.36001e+03,4.57178e-18,5.61025e-11
36293326847.2,3.384,6.14233e+05,3.35188e+03,4.54329e-18,5.56439e-11
36351342844.0,3.390,6.16039e+05,3.34393e+03,4.51552e-18,5.51978e-11
36408358346.7,3.395,6.17816e+05,3.33615e+03,4.48845e-18,5.47638e-11
36464390608.8,3.400,6.19562e+05,3.32853e+03,4.46205e-18,5.43414e-11
36519456586.6,3.405,6.21280e+05,3.32106e+03,4.43630e-18,5.39302e-11
36573572943.7,3.411,6.22969e+05,3.31376e+03,4.41119e-18,5.35300e-11
36626756056.5,3.415,6.24631e+05,3.30660e+03,4.38669e-18,5.31403e-11
36679022018.9,3.420,6.26264e+05,3.29960e+03,4.36279e-18,5.27607e-11
36730386647.3,3.425,6.27871e+05,3.29273e+03,4.33947e-18,5.23911e-11
36780865485.3,3.430,6.29450e+05,3.28601e+03,4.31670e-18,5.20309e-11
36830473808.6,3.434,6.31003e+05,3.27943e+03,4.29448e-18,5.16800e-11
36879226629.2,3.439,6.32531e+05,3.27298e+03,4.27280e-18,5.13381e-11
36927138700.5,3.443,6.34032e+05,3.26666e+03,4.25162e-18,5.10048e-11
36974224521.3,3.448,6.35509e+05,3.26048e+03,4.23094e-18,5.06799e-11
37020498340.3,3.452,6.36961e+05,3.25441e+03,4.21075e-18,5.03631e-11
37065974160.7,3.456,6.38389e+05,3.24847e+03,4.19103e-18,5.00542e-11
37110665744.1,3.461,6.39793e+05,3.24265e+03,4.17177e-18,4.97529e-11
37154586614.8,3.465,6.41173e+05,3.23695e+03,4.15295e-18,4.94591e-11
37197750063.7,3.469,6.42530e+05,3.23136e+03,4.13457e-18,4.91725e-11
37240169152.8,3.473,6.43865e+05,3.22589e+03,4.11661e-18,4.88928e-11
37281856718.7,3.477,6.45177e+05,3.22052e+03,4.09905e-18,4.86199e-11
37322825376.5,3.480,6.46466e+05,3.21526e+03,4.08190e-18,4.83535e-11
37363087524.0,3.484,6.47735e+05,3.21011e+03,4.06513e-18,4.80936e-11
37402655344.9,3.488,6.48982e+05,3.20505e+03,4.04874e-18,4.78398e-11
37441540813.2,3.491,6.50208e+05,3.20010e+03,4.03272e-18,4.75920e-11
37479755695.9,3.495,6.51413e+05,3.19524e+03,4.01705e-18,4.73501e-11
37517311557.6,3.499,6.52598e+05,3.19048e+03,4.00173e-18,4.71139e-11
37554219763.1,3.502,6.53763e+05,3.18582e+03,3.98675e-18,4.68832e-11
37590491481.2,3.505,6.54909e+05,3.18124e+03,3.97210e-18,4.66578e-11
37626137688.4,3.509,6.56035e+05,3.17676e+03,3.95777e-18,4.64376e-11
37661169171.7,3.512,6.57142e+05,3.17236e+03,3.94376e-18,4.62226e-11
37695596532.0,3.515,6.58231e+05,3.16805e+03,3.93005e-18,4.60124e-11
37729430187.6,3.518,6.59301e+05,3.16382e+03,3.91663e-18,4.58070e-11
37762680377.0,3.521,6.60353e+05,3.15968e+03,3.90351e-18,4.56063e-11
37795357162.0,3.524,6.61387e+05,3.15561e+03,3.89067e-18,4.54102e-11
37827470431.3,3.527,6.62404e+05,3.15162e+03,3.87811e-18,4.52184e-11
37859029902.6,3.530,6.63404e+05,3.14771e+03,3.86581e-18,4.50310e-11
37890045126.4,3.533,6.64386e+05,3.14388e+03,3.85377e-18,4.48477e-11
37920525488.1,3.536,6.65353e+05,3.14012e+03,3.84199e-18,4.46685e-11
37950480211.7,3.539,6.66302e+05,3.13643e+03,3.83046e-18,4.44933e-11
37979918361.8,3.542,6.67236e+05,3.13281e+03,3.81918e-18,4.43219e-11
38008848846.7,3.544,6.68154e+05,3.12926e+03,3.80813e-18,4.41543e-11
38037280421.4,3.547,6.69056e+05,3.12578e+03,3.79731e-18,4.39904e-11
38065221689.4,3.550,6.69943e+05,3.12237e+03,3.78672e-18,4.38300e-11
38092681106.3,3.552,6.70815e+05,3.11902e+03,3.77634e-18,4.36731e-11
38119666981.6,3.555,6.71672e+05,3.11573e+03,3.76619e-18,4.35196e-11
38146187481.7,3.557,6.72515e+05,3.11251e+03,3.75624e-18,4.33695e-11
38172250631.9,3.560,6.73343e+05,3.10935e+03,3.74650e-18,4.32225e-11
38197864319.4,3.562,6.74157e+05,3.10624e+03,3.73696e-18,4.30787e-11
38223036295.1,3.564,6.74958e+05,3.10320e+03,3.72761e-18,4.29379e-11
38247774176.6,3.567,6.75744e+05,3.10021e+03,3.71845e-18,4.28002e-11
38272085449.7,3.569,6.76518e+05,3.09728e+03,3.70949e-18,4.26654e-11
38295977471.5,3.571,6.77278e+05,3.09440e+03,3.70070e-18,4.25334e-11
38319457471.9,3.573,6.78025e+05,3.09158e+03,3.69209e-18,4.24041e-11
38342532556.4,3.575,6.78760e+05,3.08881e+03,3.68366e-18,4.22776e-11
38365209707.7,3.578,6.79482e+05,3.08610e+03,3.67540e-18,4.21538e-11
38387495788.4,3.580,6.80192e+05,3.08343e+03,3.66730e-18,4.20325e-11
38409397542.3,3.582,6.80890e+05,3.08081e+03,3.65936e-18,4.19137e-11
38430921597.4,3.584,6.81576e+05,3.07825e+03,3.65159e-18,4.17974e-11
38452074467.1,3.586,6.82250e+05,3.07573e+03,3.64397e-18,4.16835e-11
38472862552.5,3.588,6.82913e+05,3.07325e+03,3.63650e-18,4.15719e-11
38493292144.5,3.590,6.83564e+05,3.07083e+03,3.62918e-18,4.14627e-11
38513369425.1,3.591,6.84204e+05,3.06844e+03,3.62200e-18,4.13556e-11
38533100470.2,3.593,6.84834e+05,3.06611e+03,3.61497e-18,4.12508e-11
38552491250.7,3.595,6.85452e+05,3.06381e+03,3.60807e-18,4.11481e-11
38571547634.3,3.597,6.86060e+05,3.06156e+03,3.60131e-18,4.10474e-11
38590275387.9,3.599,6.86658e+05,3.05935e+03,3.59469e-18,4.09489e-11
38608680178.7,3.600,6.87246e+05,3.05718e+03,3.58819e-18,4.08522e-11
38626767576.2,3.602,6.87823e+05,3.05505e+03,3.58182e-18,4.07576e-11
38644543054.0,3.604,6.88391e+05,3.05296e+03,3.57557e-18,4.06648e-11
38662011991.1,3.605,6.88949e+05,3.05090e+03,3.56945e-18,4.05739e-11
38679179673.9,3.607,6.89497e+05,3.04889e+03,3.56345e-18,4.04849e-11
38696051297.6,3.608,6.90036e+05,3.04691e+03,3.55756e-18,4.03975e-11
38712631967.7,3.610,6.90566e+05,3.04497e+03,3.55178e-18,4.03120e-11
38728926701.7,3.611,6.91087e+05,3.04306e+03,3.54612e-18,4.02281e-11
38744940430.8,3.613,6.91599e+05,3.04119e+03,3.54057e-18,4.01459e-11
38760678000.8,3.614,6.92102e+05,3.03935e+03,3.53512e-18,4.00653e-11
38776144174.2,3.616,6.92597e+05,3.03755e+03,3.52978e-18,3.99863e-11
38791343631.2,3.617,6.93083e+05,3.03578e+03,3.52454e-18,3.99089e-11
38806280971.3,3.619,6.93561e+05,3.03404e+03,3.51940e-18,3.98329e-11
38820960715.0,3.620,6.94030e+05,3.03233e+03,3.51436e-18,3.97585e-11
38835387304.3,3.621,6.94492e+05,3.03066e+03,3.50942e-18,3.96855e-11
38849565105.0,3.623,6.94945e+05,3.02901e+03,3.50457e-18,3.96139e-11
38863498407.6,3.624,6.95391e+05,3.02740e+03,3.49981e-18,3.95438e-11
38877191428.3,3.625,6.95830e+05,3.02581e+03,3.49514e-18,3.94750e-11
38890648311.0,3.627,6.96260e+05,3.02425e+03,3.49056e-18,3.94075e-11
38903873127.7,3.628,6.96684e+05,3.02272e+03,3.48607e-18,3.93413e-11
38916869880.7,3.629,6.97100e+05,3.02122e+03,3.48166e-18,3.92764e-11
38929642502.7,3.630,6.97509e+05,3.01975e+03,3.47734e-18,3.92128e-11
38942194859.1,3.631,6.97911e+05,3.01830e+03,3.47309e-18,3.91504e-11
38954530748.3,3.633,6.98306e+05,3.01688e+03,3.46893e-18,3.90892e-11
38966653903.3,3.634,6.98695e+05,3.01548e+03,3.46484e-18,3.90291e-11
38978567992.8,3.635,6.99076e+05,3.01411e+03,3.46084e-18,3.89702e-11
38990276622.1,3.636,6.99451e+05,3.01276e+03,3.45690e-18,3.89124e-11
39001783334.4,3.637,6.99820e+05,3.01144e+03,3.45304e-18,3.88558e-11
39013091611.8,3.638,7.00183e+05,3.01014e+03,3.44925e-18,3.88002e-11
39024204876.3,3.639,7.00539e+05,3.00887e+03,3.44554e-18,3.87456e-11
39035126491.0,3.640,7.00889e+05,3.00761e+03,3.44189e-18,3.86921e-11
39045859761.0,3.641,7.01233e+05,3.00638e+03,3.43831e-18,3.86397e-11
39056407934.1,3.642,7.01571e+05,3.00518e+03,3.43480e-18,3.85882e-11
39066774202.5,3.643,7.01904e+05,3.00399e+03,3.43135e-18,3.85376e-11
39076961703.1,3.644,7.02230e+05,3.00283e+03,3.42796e-18,3.84881e-11
39086973518.8,3.645,7.02551e+05,3.00168e+03,3.42464e-18,3.84394e-11
39096812679.3,3.646,7.02867e+05,3.00056e+03,3.42138e-18,3.83917e-11
39106482162.0,3.647,7.03177e+05,2.99945e+03,3.41818e-18,3.83449e-11
39115984893.2,3.648,7.03482e+05,2.99837e+03,3.41504e-18,3.82989e-11
39125323748.4,3.648,7.03782e+05,2.99731e+03,3.41196e-18,3.82538e-11
39134501553.7,3.649,7.04076e+05,2.99626e+03,3.40893e-18,3.82096e-11
39143521086.4,3.650,7.04366e+05,2.99523e+03,3.40596e-18,3.81662e-11
39152385076.0,3.651,7.04650e+05,2.99422e+03,3.40304e-18,3.81236e-11
39161096204.9,3.652,7.04930e+05,2.99323e+03,3.40018e-18,3.80817e-11
39169657109.1,3.653,7.05204e+05,2.99226e+03,3.39737e-18,3.80407e-11
39178070379.2,3.653,7.05474e+05,2.99131e+03,3.39461e-18,3.80004e-11
39186338561.3,3.654,7.05740e+05,2.99037e+03,3.39190e-18,3.79609e-11
39194464157.5,3.655,7.06001e+05,2.98944e+03,3.38924e-18,3.79221e-11
39202449626.5,3.656,7.06257e+05,2.98854e+03,3.38663e-18,3.78840e-11
39210297385.1,3.656,7.06509e+05,2.98765e+03,3.38407e-18,3.78466e-11
39218009807.8,3.657,7.06757e+05,2.98678e+03,3.38155e-18,3.78099e-11
39225589228.8,3.658,7.07000e+05,2.98592e+03,3.37908e-18,3.77739e-11
39233037941.6,3.659,7.07239e+05,2.98507e+03,3.37666e-18,3.77386e-11
39240358200.2,3.659,7.07474e+05,2.98425e+03,3.37428e-18,3.77039e-11
39247552219.9,3.660,7.07705e+05,2.98343e+03,3.37194e-18,3.76698e-11
39254622177.8,3.661,7.07932e+05,2.98263e+03,3.36964e-18,3.76364e-11
39261570213.2,3.661,7.08156e+05,2.98185e+03,3.36739e-18,3.76036e-11
39268398428.7,3.662,7.08375e+05,2.98108e+03,3.36517e-18,3.75713e-11
39275108890.7,3.662,7.08591e+05,2.98032e+03,3.36300e-18,3.75397e-11
39281703629.8,3.663,7.08802e+05,2.97958e+03,3.36087e-18,3.75087e-11
39288184641.7,3.664,7.09011e+05,2.97884e+03,3.35877e-18,3.74782e-11
39294553887.6,3.664,7.09215e+05,2.97813e+03,3.35671e-18,3.74482e-11
39300813295.0,3.665,7.09417e+05,2.97742e+03,3.35469e-18,3.74189e-11
39306964758.0,3.665,7.09614e+05,2.97673e+03,3.35271e-18,3.73900e-11
39313010138.1,3.666,7.09808e+05,2.97605e+03,3.35076e-18,3.73617e-11
39318951264.8,3.667,7.09999e+05,2.97538e+03,3.34885e-18,3.73339e-11
39324789935.9,3.667,7.10187e+05,2.97472e+03,3.34697e-18,3.73066e-11
39330527918.3,3.668,7.10371e+05,2.97408e+03,3.34512e-18,3.72798e-11
39336166948.3,3.668,7.10553e+05,2.97344e+03,3.34331e-18,3.72534e-11
39341708732.5,3.669,7.10731e+05,2.97282e+03,3.34153e-18,3.72276e-11
39347154947.8,3.669,7.10906e+05,2.97221e+03,3.33978e-18,3.72022e-11
39352507242.4,3.670,7.11078e+05,2.97161e+03,3.33807e-18,3.71773e-11
39357767235.8,3.670,7.11247e+05,2.97102e+03,3.33638e-18,3.71528e-11
39362936520.0,3.671,7.11413e+05,2.97044e+03,3.33473e-18,3.71288e-11
39368016659.1,3.671,7.11577e+05,2.96987e+03,3.33310e-18,3.71052e-11
39373009190.4,3.672,7.11737e+05,2.96931e+03,3.33150e-18,3.70820e-11
39377915624.9,3.672,7.11895e+05,2.96876e+03,3.32994e-18,3.70593e-11
39382737447.2,3.672,7.12050e+05,2.96822e+03,3.32840e-18,3.70369e-11
39387476116.4,3.673,7.12202e+05,2.96768e+03,3.32688e-18,3.70150e-11
39392133066.7,3.673,7.12352e+05,2.96716e+03,3.32540e-18,3.69935e-11
39396709707.1,3.674,7.12499e+05,2.96665e+03,3.32394e-18,3.69723e-11
39401207422.8,3.674,7.12644e+05,2.96615e+03,3.32250e-18,3.69515e-11
39405627574.7,3.675,7.12786e+05,2.96565e+03,3.32110e-18,3.69311e-11
39409971500.4,3.675,7.12926e+05,2.96517e+03,3.31971e-18,3.69111e-11
39414240514.5,3.675,7.13063e+05,2.96469e+03,3.31836e-18,3.68914e-11
39418435908.9,3.676,7.13198e+05,2.96422e+03,3.31702e-18,3.68721e-11
39422558953.1,3.676,7.13331e+05,2.96376e+03,3.31571e-18,3.68531e-11
39426610894.8,3.677,7.13461e+05,2.96331e+03,3.31442e-18,3.68344e-11
39430592960.2,3.677,7.13589e+05,2.96286e+03,3.31316e-18,3.68161e-11
39434506354.3,3.677,7.13715e+05,2.96242e+03,3.31192e-18,3.67981e-11
39438352261.3,3.678,7.13839e+05,2.96199e+03,3.31070e-18,3.67805e-11
39442131845.2,3.678,7.13960e+05,2.96157e+03,3.30950e-18,3.67631e-11
39445846249.6,3.678,7.14080e+05,2.96116e+03,3.30832e-18,3.67461e-11
39449496598.5,3.679,7.14197e+05,2.96075e+03,3.30717e-18,3.67294e-11
39453083996.7,3.679,7.14313e+05,2.96035e+03,3.30603e-18,3.67129e-11
39456609529.6,3.679,7.14426e+05,2.95996e+03,3.30492e-18,3.66968e-11
39460074264.3,3.680,7.14538e+05,2.95957e+03,3.30382e-18,3.66809e-11
39463479249.1,3.680,7.14647e+05,2.95919e+03,3.30274e-18,3.66653e-11
39466825514.4,3.680,7.14755e+05,2.95882e+03,3.30169e-18,3.66500e-11
39470114072.9,3.681,7.14861e+05,2.95845e+03,3.30065e-18,3.66350e-11
39473345919.8,3.681,7.14965e+05,2.95809e+03,3.29963e-18,3.66203e-11
39476522033.0,3.681,7.15067e+05,2.95774e+03,3.29862e-18,3.66058e-11
39479643373.7,3.681,7.15167e+05,2.95739e+03,3.29764e-18,3.65915e-11
39482710886.4,3.682,7.15266e+05,2.95705e+03,3.29667e-18,3.65775e-11
39485725499.4,3.682,7.15363e+05,2.95671e+03,3.29572e-18,3.65638e-11
39488688125.0,3.682,7.15459e+05,2.95638e+03,3.29479e-18,3.65503e-11
39491650750.5,3.683,7.15554e+05,2.95605e+03,3.29385e-18,3.65368e-11
39494613376.1,3.683,7.15649e+05,2.95572e+03,3.29292e-18,3.65233e-11
39497576001.7,3.683,7.15745e+05,2.95539e+03,3.29199e-18,3.65098e-11
39500538627.3,3.683,7.15840e+05,2.95506e+03,3.29106e-18,3.64964e-11
39503501252.9,3.684,7.15935e+05,2.95474e+03,3.29012e-18,3.64829e-11
39506463878.4,3.684,7.16031e+05,2.95441e+03,3.28919e-18,3.64694e-11
39509426504.0,3.684,7.16126e+05,2.95408e+03,3.28826e-18,3.64560e-11
39512389129.6,3.685,7.16221e+05,2.95375e+03,3.28733e-18,3.64425e-11
39515351755.2,3.685,7.16317e+05,2.95342e+03,3.28640e-18,3.64291e-11
39518314380.8,3.685,7.16412e+05,2.95309e+03,3.28547e-18,3.64157e-11
39521277006.3,3.685,7.16508e+05,2.95276e+03,3.28454e-18,3.64022e-11
39524239631.9,3.686,7.16603e+05,2.95243e+03,3.28361e-18,3.63888e-11
39527202257.5,3.686,7.16698e+05,2.95210e+03,3.28268e-18,3.63754e-11
39530164883.1,3.686,7.16794e+05,2.95177e+03,3.28175e-18,3.63620e-11
39533127508.7,3.686,7.16889e+05,2.95144e+03,3.28082e-18,3.63486e-11
39536090134.2,3.687,7.16984e+05,2.95112e+03,3.27990e-18,3.63352e-11
39539052759.8,3.687,7.17080e+05,2.95079e+03,3.27897e-18,3.63218e-11
39542015385.4,3.687,7.17175e+05,2.95046e+03,3.27804e-18,3.63084e-11
39544978011.0,3.688,7.17271e+05,2.95013e+03,3.27711e-18,3.62950e-11
39547940636.6,3.688,7.17366e+05,2.94980e+03,3.27619e-18,3.62816e-11
39550903262.1,3.688,7.17461e+05,2.94947e+03,3.27526e-18,3.62683e-11
39553865887.7,3.688,7.17557e+05,2.94914e+03,3.27433e-18,3.62549e-11
39556828513.3,3.689,7.17652e+05,2.94882e+03,3.27341e-18,3.62416e-11
39559791138.9,3.689,7.17748e+05,2.94849e+03,3.27248e-18,3.62282e-11
39562753764.5,3.689,7.17843e+05,2.94816e+03,3.27156e-18,3.62149e-11
39565716390.0,3.690,7.17938e+05,2.94783e+03,3.27063e-18,3.62015e-11
39568679015.6,3.690,7.18034e+05,2.94750e+03,3.26971e-18,3.61882e-11
39571641641.2,3.690,7.18129e+05,2.94718e+03,3.26879e-18,3.61749e-11
39574604266.8,3.690,7.18225e+05,2.94685e+03,3.26786e-18,3.61616e-11
39577566892.4,3.691,7.18320e+05,2.94652e+03,3.26694e-18,3.61483e-11
39580529517.9,3.691,7.18415e+05,2.94619e+03,3.26602e-18,3.61350e-11
39583492143.5,3.691,7.18511e+05,2.94586e+03,3.26509e-18,3.61217e-11
39586454769.1,3.691,7.18606e+05,2.94554e+03,3.26417e-18,3.61084e-11
39589417394.7,3.692,7.18702e+05,2.94521e+03,3.26325e-18,3.60951e-11
39592380020.3,3.692,7.18797e+05,2.94488e+03,3.26233e-18,3.60818e-11
39595342645.8,3.692,7.18893e+05,2.94455e+03,3.26141e-18,3.60685e-11
39598305271.4,3.693,7.18988e+05,2.94423e+03,3.26049e-18,3.60553e-11
39601267897.0,3.693,7.19083e+05,2.94390e+03,3.25957e-18,3.60420e-11
39604230522.6,3.693,7.19179e+05,2.94357e+03,3.25865e-18,3.60287e-11
39607193148.2,3.693,7.19274e+05,2.94325e+03,3.25773e-18,3.60155e-11
39610155773.7,3.694,7.19370e+05,2.94292e+03,3.25681e-18,3.60023e-11
39613118399.3,3.694,7.19465e+05,2.94259e+03,3.25589e-18,3.59890e-11
39616081024.9,3.694,7.19561e+05,2.94226e+03,3.25497e-18,3.59758e-11
39619043650.5,3.694,7.19656e+05,2.94194e+03,3.25405e-18,3.59626e-11
39622006276.1,3.695,7.19752e+05,2.94161e+03,3.25313e-18,3.59493e-11
39624968901.6,3.695,7.19847e+05,2.94128e+03,3.25221e-18,3.59361e-11
39627931527.2,3.695,7.19942e+05,2.94096e+03,3.25130e-18,3.59229e-11
39630894152.8,3.696,7.20038e+05,2.94063e+03,3.25038e-18,3.59097e-11
39633856778.4,3.696,7.20133e+05,2.94030e+03,3.24946e-18,3.58965e-11
39636819404.0,3.696,7.20229e+05,2.93998e+03,3.24855e-18,3.58833e-11
39639782029.5,3.696,7.20324e+05,2.93965e+03,3.24763e-18,3.58702e-11
39642744655.1,3.697,7.20420e+05,2.93932e+03,3.24672e-18,3.58570e-11
39645707280.7,3.697,7.20515e+05,2.93900e+03,3.24580e-18,3.58438e-11
39648669906.3,3.697,7.20611e+05,2.93867e+03,3.24489e-18,3.58307e-11
39651632531.9,3.698,7.20706e+05,2.93834e+03,3.24397e-18,3.58175e-11
39654595157.4,3.698,7.20802e+05,2.93802e+03,3.24306e-18,3.58044e-11
39657557783.0,3.698,7.20897e+05,2.93769e+03,3.24214e-18,3.57912e-11
39660520408.6,3.698,7.20993e+05,2.93737e+03,3.24123e-18,3.57781e-11
39663483034.2,3.699,7.21088e+05,2.93704e+03,3.24032e-18,3.57649e-11
39666445659.8,3.699,7.21183e+05,2.93671e+03,3.23940e-18,3.57518e-11
39669408285.3,3.699,7.21279e+05,2.93639e+03,3.23849e-18,3.57387e-11
39672370910.9,3.699,7.21374e+05,2.93606e+03,3.23758e-18,3.57256e-11
39675333536.5,3.700,7.21470e+05,2.93574e+03,3.23667e-18,3.57125e-11
39678296162.1,3.700,7.21565e+05,2.93541e+03,3.23575e-18,3.56994e-11
39681258787.7,3.700,7.21661e+05,2.93509e+03,3.23484e-18,3.56863e-11
39684221413.2,3.701,7.21756e+05,2.93476e+03,3.23393e-18,3.56732e-11
39687184038.8,3.701,7.21852e+05,2.93443e+03,3.23302e-18,3.56601e-11
39690146664.4,3.701,7.21947e+05,2.93411e+03,3.23211e-18,3.56470e-11
39693109290.0,3.701,7.22043e+05,2.93378e+03,3.23120e-18,3.56340e-11
39696071915.6,3.702,7.22138e+05,2.93346e+03,3.23029e-18,3.56209e-11
39699034541.1,3.702,7.22234e+05,2.93313e+03,3.22938e-18,3.56078e-11
39701997166.7,3.702,7.22329e+05,2.93281e+03,3.22847e-18,3.55948e-11
39704959792.3,3.703,7.22425e+05,2.93248e+03,3.22757e-18,3.55817e-11
39707922417.9,3.703,7.22520e+05,2.93216e+03,3.22666e-18,3.55687e-11
39710885043.5,3.703,7.22616e+05,2.93183e+03,3.22575e-18,3.55557e-11
39713847669.0,3.703,7.22711e+05,2.93151e+03,3.22484e-18,3.55426e-11
39716810294.6,3.704,7.22807e+05,2.93118e+03,3.22393e-18,3.55296e-11
39719772920.2,3.704,7.22902e+05,2.93086e+03,3.22303e-18,3.55166e-11
39722735545.8,3.704,7.22998e+05,2.93053e+03,3.22212e-18,3.55036e-11
39725698171.4,3.704,7.23093e+05,2.93021e+03,3.22122e-18,3.54906e-11
39728660796.9,3.705,7.23189e+05,2.92988e+03,3.22031e-18,3.54776e-11
39731623422.5,3.705,7.23284e+05,2.92956e+03,3.21940e-18,3.54646e-11
39734586048.1,3.705,7.23380e+05,2.92923e+03,3.21850e-18,3.54516e-11
39737548673.7,3.706,7.23475e+05,2.92891e+03,3.21759e-18,3.54386e-11
39740511299.3,3.706,7.23571e+05,2.92859e+03,3.21669e-18,3.54256e-11
39743473924.8,3.706,7.23667e+05,2.92826e+03,3.21579e-18,3.54127e-11
39746436550.4,3.706,7.23762e+05,2.92794e+03,3.21488e-18,3.53997e-11
39749399176.0,3.707,7.23858e+05,2.92761e+03,3.21398e-18,3.53868e-11
39752361801.6,3.707,7.23953e+05,2.92729e+03,3.21308e-18,3.53738e-11
39755324427.2,3.707,7.24049e+05,2.92697e+03,3.21217e-18,3.53609e-11
39758287052.7,3.707,7.24144e+05,2.92664e+03,3.21127e-18,3.53479e-11
39761249678.3,3.708,7.24240e+05,2.92632e+03,3.21037e-18,3.53350e-11
39764212303.9,3.708,7.24335e+05,2.92599e+03,3.20947e-18,3.53221e-11
39767174929.5,3.708,7.24431e+05,2.92567e+03,3.20857e-18,3.53091e-11
39770137555.1,3.709,7.24526e+05,2.92535e+03,3.20766e-18,3.52962e-11
39773100180.6,3.709,7.24622e+05,2.92502e+03,3.20676e-18,3.52833e-11
39776062806.2,3.709,7.24717e+05,2.92470e+03,3.20586e-18,3.52704e-11
39779025431.8,3.709,7.24813e+05,2.92438e+03,3.20496e-18,3.52575e-11
39781988057.4,3.710,7.24908e+05,2.92405e+03,3.20406e-18,3.52446e-11
39784950683.0,3.710,7.25004e+05,2.92373e+03,3.20316e-18,3.52317e-11
39787913308.5,3.710,7.25100e+05,2.92340e+03,3.20226e-18,3.52189e-11
39790875934.1,3.711,7.25195e+05,2.92308e+03,3.20137e-18,3.52060e-11
39793838559.7,3.711,7.25291e+05,2.92276e+03,3.20047e-18,3.51931e-11
39796801185.3,3.711,7.25386e+05,2.92244e+03,3.19957e-18,3.51803e-11
39799763810.9,3.711,7.25482e+05,2.92211e+03,3.19867e-18,3.51674e-11
39802726436.4,3.712,7.25577e+05,2.92179e+03,3.19777e-18,3.51546e-11
39805689062.0,3.712,7.25673e+05,2.92147e+03,3.19688e-18,3.51417e-11
39808651687.6,3.712,7.25768e+05,2.92114e+03,3.19598e-18,3.51289e-11
39811614313.2,3.712,7.25864e+05,2.92082e+03,3.19508e-18,3.51161e-11
39814576938.8,3.713,7.25960e+05,2.92050e+03,3.19419e-18,3.51032e-11
39817539564.3,3.713,7.26055e+05,2.92017e+03,3.19329e-18,3.50904e-11
39820502189.9,3.713,7.26151e+05,2.91985e+03,3.19240e-18,3.50776e-11
39823464815.5,3.714,7.26246e+05,2.91953e+03,3.19150e-18,3.50648e-11
39826427441.1,3.714,7.26342e+05,2.91921e+03,3.19061e-18,3.50520e-11
39829390066.7,3.714,7.26437e+05,2.91888e+03,3.18971e-18,3.50392e-11
39832352692.2,3.714,7.26533e+05,2.91856e+03,3.18882e-18,3.50264e-11
39835315317.8,3.715,7.26629e+05,2.91824e+03,3.18793e-18,3.50136e-11
39838277943.4,3.715,7.26724e+05,2.91792e+03,3.18703e-18,3.50009e-11
39841240569.0,3.715,7.26820e+05,2.91760e+03,3.18614e-18,3.49881e-11
39844203194.6,3.715,7.26915e+05,2.91727e+03,3.18525e-18,3.49753e-11
39847165820.1,3.716,7.27011e+05,2.91695e+03,3.18435e-18,3.49626e-11
39850128445.7,3.716,7.27107e+05,2.91663e+03,3.18346e-18,3.49498e-11
39853091071.3,3.716,7.27202e+05,2.91631e+03,3.18257e-18,3.49371e-11
39856053696.9,3.717,7.27298e+05,2.91599e+03,3.18168e-18,3.49243e-11
39859016322.5,3.717,7.27393e+05,2.91566e+03,3.18079e-18,3.49116e-11
39861978948.0,3.717,7.27489e+05,2.91534e+03,3.17990e-18,3.48988e-11
39864941573.6,3.717,7.27584e+05,2.91502e+03,3.17901e-18,3.48861e-11
39867904199.2,3.718,7.27680e+05,2.91470e+03,3.17812e-18,3.48734e-11
39870866824.8,3.718,7.27776e+05,2.91438e+03,3.17723e-18,3.48607e-11
39873829450.4,3.718,7.27871e+05,2.91406e+03,3.17634e-18,3.48480e-11
39876792075.9,3.719,7.27967e+05,2.91373e+03,3.17545e-18,3.48353e-11
39879754701.5,3.719,7.28062e+05,2.91341e+03,3.17456e-18,3.48226e-11
39882717327.1,3.719,7.28158e+05,2.91309e+03,3.17367e-18,3.48099e-11
39885679952.7,3.719,7.28254e+05,2.91277e+03,3.17278e-18,3.47972e-11
39888642578.3,3.720,7.28349e+05,2.91245e+03,3.17190e-18,3.47845e-11
39891605203.8,3.720,7.28445e+05,2.91213e+03,3.17101e-18,3.47719e-11
39894567829.4,3.720,7.28540e+05,2.91181e+03,3.17012e-18,3.47592e-11
39897530455.0,3.720,7.28636e+05,2.91149e+03,3.16924e-18,3.47466e-11
39900493080.6,3.721,7.28732e+05,2.91116e+03,3.16835e-18,3.47339e-11
39903455706.2,3.721,7.28827e+05,2.91084e+03,3.16746e-18,3.47213e-11
39906418331.7,3.721,7.28923e+05,2.91052e+03,3.16658e-18,3.47086e-11
39909380957.3,3.722,7.29018e+05,2.91020e+03,3.16569e-18,3.46960e-11
39912343582.9,3.722,7.29114e+05,2.90988e+03,3.16481e-18,3.46833e-11
39915306208.5,3.722,7.29210e+05,2.90956e+03,3.16392e-18,3.46707e-11
39918268834.1,3.722,7.29305e+05,2.90924e+03,3.16304e-18,3.46581e-11
39921231459.6,3.723,7.29401e+05,2.90892e+03,3.16215e-18,3.46455e-11
39924194085.2,3.723,7.29497e+05,2.90860e+03,3.16127e-18,3.46329e-11
39927156710.8,3.723,7.29592e+05,2.90828e+03,3.16039e-18,3.46203e-11
39930119336.4,3.724,7.29688e+05,2.90796e+03,3.15950e-18,3.46077e-11
39933081962.0,3.724,7.29783e+05,2.90764e+03,3.15862e-18,3.45951e-11
39936044587.5,3.724,7.29879e+05,2.90732e+03,3.15774e-18,3.45825e-11
39939007213.1,3.724,7.29975e+05,2.90700e+03,3.15686e-18,3.45699e-11
39941969838.7,3.725,7.30070e+05,2.90668e+03,3.15598e-18,3.45574e-11
39944932464.3,3.725,7.30166e+05,2.90636e+03,3.15509e-18,3.45448e-11
39947895089.9,3.725,7.30262e+05,2.90604e+03,3.15421e-18,3.45322e-11
39950857715.4,3.725,7.30357e+05,2.90572e+03,3.15333e-18,3.45197e-11
39953820341.0,3.726,7.30453e+05,2.90540e+03,3.15245e-18,3.45071e-11
39956782966.6,3.726,7.30548e+05,2.90508e+03,3.15157e-18,3.44946e-11
39959745592.2,3.726,7.30644e+05,2.90476e+03,3.15069e-18,3.44821e-11
39962708217.8,3.727,7.30740e+05,2.90444e+03,3.14981e-18,3.44695e-11
39965670843.3,3.727,7.30835e+05,2.90412e+03,3.14893e-18,3.44570e-11
39968633468.9,3.727,7.30931e+05,2.90380e+03,3.14805e-18,3.44445e-11
39971596094.5,3.727,7.31027e+05,2.90348e+03,3.14718e-18,3.44320e-11
39974558720.1,3.728,7.31122e+05,2.90316e+03,3.14630e-18,3.44195e-11
39977521345.7,3.728,7.31218e+05,2.90284e+03,3.14542e-18,3.44070e-11
39980483971.2,3.728,7.31313e+05,2.90252e+03,3.14454e-18,3.43945e-11
39983446596.8,3.728,7.31409e+05,2.90221e+03,3.14367e-18,3.43820e-11
39986409222.4,3.729,7.31505e+05,2.90189e+03,3.14279e-18,3.43695e-11
39989371848.0,3.729,7.31600e+05,2.90157e+03,3.14191e-18,3.43570e-11
39992334473.6,3.729,7.31696e+05,2.90125e+03,3.14104e-18,3.43446e-11
39995297099.1,3.730,7.31792e+05,2.90093e+03,3.14016e-18,3.43321e-11
39998259724.7,3.730,7.31887e+05,2.90061e+03,3.13929e-18,3.43196e-11
40001222350.3,3.730,7.31983e+05,2.90029e+03,3.13841e-18,3.43072e-11
40004184975.9,3.730,7.32079e+05,2.89997e+03,3.13754e-18,3.42947e-11
40007147601.5,3.731,7.32174e+05,2.89965e+03,3.13666e-18,3.42823e-11
40010110227.0,3.731,7.32270e+05,2.89934e+03,3.13579e-18,3.42698e-11
40013072852.6,3.731,7.32365e+05,2.89902e+03,3.13491e-18,3.42574e-11
40016035478.2,3.732,7.32461e+05,2.89870e+03,3.13404e-18,3.42450e-11
40018998103.8,3.732,7.32557e+05,2.89838e+03,3.13317e-18,3.42326e-11
40021960729.4,3.732,7.32652e+05,2.89806e+03,3.13229e-18,3.42201e-11
40024923354.9,3.732,7.32748e+05,2.89774e+03,3.13142e-18,3.42077e-11
40027885980.5,3.733,7.32844e+05,2.89743e+03,3.13055e-18,3.41953e-11
40030848606.1,3.733,7.32939e+05,2.89711e+03,3.12968e-18,3.41829e-11
40033811231.7,3.733,7.33035e+05,2.89679e+03,3.12881e-18,3.41705e-11
40036773857.3,3.733,7.33131e+05,2.89647e+03,3.12793e-18,3.41582e-11
40039736482.8,3.734,7.33226e+05,2.89615e+03,3.12706e-18,3.41458e-11
40042699108.4,3.734,7.33322e+05,2.89584e+03,3.12619e-18,3.41334e-11
40045661734.0,3.734,7.33418e+05,2.89552e+03,3.12532e-18,3.41210e-11
40048624359.6,3.735,7.33513e+05,2.89520e+03,3.12445e-18,3.41087e-11
40051586985.2,3.735,7.33609e+05,2.89488e+03,3.12358e-18,3.40963e-11
40054549610.7,3.735,7.33705e+05,2.89457e+03,3.12271e-18,3.40840e-11
40057512236.3,3.735,7.33800e+05,2.89425e+03,3.12185e-18,3.40716e-11
40060474861.9,3.736,7.33896e+05,2.89393e+03,3.12098e-18,3.40593e-11
40063437487.5,3.736,7.33991e+05,2.89361e+03,3.12011e-18,3.40469e-11
40066400113.1,3.736,7.34087e+05,2.89330e+03,3.11924e-18,3.40346e-11
40069362738.6,3.736,7.34183e+05,2.89298e+03,3.11837e-18,3.40223e-11
40072325364.2,3.737,7.34278e+05,2.89266e+03,3.11751e-18,3.40100e-11
40075287989.8,3.737,7.34374e+05,2.89234e+03,3.11664e-18,3.39977e-11
40078250615.4,3.737,7.34470e+05,2.89203e+03,3.11577e-18,3.39854e-11
40081213241.0,3.738,7.34565e+05,2.89171e+03,3.11491e-18,3.39731e-11
40084175866.5,3.738,7.34661e+05,2.89139e+03,3.11404e-18,3.39608e-11
40087138492.1,3.738,7.34757e+05,2.89108e+03,3.11318e-18,3.39485e-11
40090101117.7,3.738,7.34852e+05,2.89076e+03,3.11231e-18,3.39362e-11
40093063743.3,3.739,7.34948e+05,2.89044e+03,3.11145e-18,3.39239e-11
40096026368.9,3.739,7.35044e+05,2.89013e+03,3.11058e-18,3.39116e-11
40098988994.4,3.739,7.35139e+05,2.88981e+03,3.10972e-18,3.38994e-11
40101951620.0,3.740,7.35235e+05,2.88949e+03,3.10885e-18,3.38871e-11
40104914245.6,3.740,7.35331e+05,2.88918e+03,3.10799e-18,3.38749e-11
40107876871.2,3.740,7.35426e+05,2.88886e+03,3.10713e-18,3.38626e-11
40110839496.8,3.740,7.35522e+05,2.88854e+03,3.10626e-18,3.38504e-11
40113802122.3,3.741,7.35618e+05,2.88823e+03,3.10540e-18,3.38381e-11
40116764747.9,3.741,7.35713e+05,2.88791e+03,3.10454e-18,3.38259e-11
40119727373.5,3.741,7.35809e+05,2.88760e+03,3.10368e-18,3.38137e-11
40122689999.1,3.741,7.35905e+05,2.88728e+03,3.10281e-18,3.38015e-11
40125652624.7,3.742,7.36000e+05,2.88696e+03,3.10195e-18,3.37893e-11
40128615250.2,3.742,7.36096e+05,2.88665e+03,3.10109e-18,3.37770e-11
40131577875.8,3.742,7.36191e+05,2.88633e+03,3.10023e-18,3.37648e-11
40134540501.4,3.743,7.36287e+05,2.88602e+03,3.09937e-18,3.37526e-11
40137503127.0,3.743,7.36383e+05,2.88570e+03,3.09851e-18,3.37405e-11
40140465752.6,3.743,7.36478e+05,2.88538e+03,3.09765e-18,3.37283e-11
40143428378.1,3.743,7.36574e+05,2.88507e+03,3.09679e-18,3.37161e-11
40146391003.7,3.744,7.36670e+05,2.88475e+03,3.09593e-18,3.37039e-11
40149353629.3,3.744,7.36765e+05,2.88444e+03,3.09507e-18,3.36917e-11
40152316254.9,3.744,7.36861e+05,2.88412e+03,3.09421e-18,3.36796e-11
40155278880.5,3.745,7.36957e+05,2.88381e+03,3.09336e-18,3.36674e-11
40158241506.0,3.745,7.37052e+05,2.88349e+03,3.09250e-18,3.36553e-11
40161204131.6,3.745,7.37148e+05,2.88318e+03,3.09164e-18,3.36431e-11
40164166757.2,3.745,7.37244e+05,2.88286e+03,3.09078e-18,3.36310e-11
40167129382.8,3.746,7.37339e+05,2.88255e+03,3.08993e-18,3.36189e-11
40170092008.4,3.746,7.37435e+05,2.88223e+03,3.08907e-18,3.36067e-11
40173054633.9,3.746,7.37531e+05,2.88192e+03,3.08822e-18,3.35946e-11
40176017259.5,3.746,7.37626e+05,2.88160e+03,3.08736e-18,3.35825e-11
40178979885.1,3.747,7.37722e+05,2.88129e+03,3.08650e-18,3.35704e-11
40181942510.7,3.747,7.37817e+05,2.88097e+03,3.08565e-18,3.35583e-11
40184905136.3,3.747,7.37913e+05,2.88066e+03,3.08479e-18,3.35462e-11
40187867761.8,3.748,7.38009e+05,2.88034e+03,3.08394e-18,3.35341e-11
40190830387.4,3.748,7.38104e+05,2.88003e+03,3.08309e-18,3.35220e-11
40193793013.0,3.748,7.38200e+05,2.87971e+03,3.08223e-18,3.35099e-11
40196755638.6,3.748,7.38296e+05,2.87940e+03,3.08138e-18,3.34978e-11
40199718264.2,3.749,7.38391e+05,2.87909e+03,3.08052e-18,3.34857e-11
40202680889.7,3.749,7.38487e+05,2.87877e+03,3.07967e-18,3.34737e-11
40205643515.3,3.749,7.38583e+05,2.87846e+03,3.07882e-18,3.34616e-11
40208606140.9,3.749,7.38678e+05,2.87814e+03,3.07797e-18,3.34496e-11
40211568766.5,3.750,7.38774e+05,2.87783e+03,3.07711e-18,3.34375e-11
40214531392.1,3.750,7.38869e+05,2.87752e+03,3.07626e-18,3.34255e-11
40217494017.6,3.750,7.38965e+05,2.87720e+03,3.07541e-18,3.34134e-11
40220456643.2,3.751,7.39061e+05,2.87689e+03,3.07456e-18,3.34014e-11
40223419268.8,3.751,7.39156e+05,2.87657e+03,3.07371e-18,3.33894e-11
40226381894.4,3.751,7.39252e+05,2.87626e+03,3.07286e-18,3.33773e-11
40229344520.0,3.751,7.39348e+05,2.87595e+03,3.07201e-18,3.33653e-11
40232307145.5,3.752,7.39443e+05,2.87563e+03,3.07116e-18,3.33533e-11
40235269771.1,3.752,7.39539e+05,2.87532e+03,3.07031e-18,3.33413e-11
40238232396.7,3.752,7.39634e+05,2.87501e+03,3.06946e-18,3.33293e-11
40241195022.3,3.753,7.39730e+05,2.87469e+03,3.06861e-18,3.33173e-11
40244157647.9,3.753,7.39826e+05,2.87438e+03,3.06777e-18,3.33053e-11
40247120273.4,3.753,7.39921e+05,2.87407e+03,3.06692e-18,3.32933e-11
40250082899.0,3.753,7.40017e+05,2.87375e+03,3.06607e-18,3.32814e-11
40253045524.6,3.754,7.40113e+05,2.87344e+03,3.06522e-18,3.32694e-11
40256008150.2,3.754,7.40208e+05,2.87313e+03,3.06437e-18,3.32574e-11
40258970775.8,3.754,7.40304e+05,2.87281e+03,3.06353e-18,3.32455e-11
40261933401.3,3.754,7.40400e+05,2.87250e+03,3.06268e-18,3.32335e-11
40264896026.9,3.755,7.40495e+05,2.87219e+03,3.06184e-18,3.32216e-11
40267858652.5,3.755,7.40591e+05,2.87187e+03,3.06099e-18,3.32096e-11
40270821278.1,3.755,7.40686e+05,2.87156e+03,3.06014e-18,3.31977e-11
40273783903.7,3.756,7.40782e+05,2.87125e+03,3.05930e-18,3.31857e-11
40276746529.2,3.756,7.40878e+05,2.87094e+03,3.05845e-18,3.31738e-11
40279709154.8,3.756,7.40973e+05,2.87062e+03,3.05761e-18,3.31619e-11
40282671780.4,3.756,7.41069e+05,2.87031e+03,3.05677e-18,3.31500e-11
40285634406.0,3.757,7.41165e+05,2.87000e+03,3.05592e-18,3.31381e-11
40288597031.6,3.757,7.41260e+05,2.86969e+03,3.05508e-18,3.31262e-11
40291559657.1,3.757,7.41356e+05,2.86937e+03,3.05423e-18,3.31143e-11
40294522282.7,3.757,7.41451e+05,2.86906e+03,3.05339e-18,3.31024e-11
40297484908.3,3.758,7.41547e+05,2.86875e+03,3.05255e-18,3.30905e-11
40300447533.9,3.758,7.41643e+05,2.86844e+03,3.05171e-18,3.30786e-11
40303410159.5,3.758,7.41738e+05,2.86813e+03,3.05086e-18,3.30667e-11
40306372785.0,3.759,7.41834e+05,2.86781e+03,3.05002e-18,3.30548e-11
40309335410.6,3.759,7.41930e+05,2.86750e+03,3.04918e-18,3.30430e-11
40312298036.2,3.759,7.42025e+05,2.86719e+03,3.04834e-18,3.30311e-11
40315260661.8,3.759,7.42121e+05,2.86688e+03,3.04750e-18,3.30193e-11
40318223287.4,3.760,7.42217e+05,2.86657e+03,3.04666e-18,3.30074e-11
40321185912.9,3.760,7.42312e+05,2.86626e+03,3.04582e-18,3.29956e-11
40324148538.5,3.760,7.42408e+05,2.86594e+03,3.04498e-18,3.29837e-11
40327111164.1,3.761,7.42504e+05,2.86563e+03,3.04414e-18,3.29719e-11
40330073789.7,3.761,7.42599e+05,2.86532e+03,3.04330e-18,3.29601e-11
40333036415.3,3.761,7.42695e+05,2.86501e+03,3.04246e-18,3.29482e-11
40335999040.8,3.761,7.42791e+05,2.86470e+03,3.04162e-18,3.29364e-11
40338961666.4,3.762,7.42886e+05,2.86439e+03,3.04078e-18,3.29246e-11
40341924292.0,3.762,7.42982e+05,2.86407e+03,3.03995e-18,3.29128e-11
40344886917.6,3.762,7.43078e+05,2.86376e+03,3.03911e-18,3.29010e-11
40347849543.2,3.762,7.43173e+05,2.86345e+03,3.03827e-18,3.28892e-11
40350812168.7,3.763,7.43269e+05,2.86314e+03,3.03743e-18,3.28774e-11
40353774794.3,3.763,7.43365e+05,2.86283e+03,3.03660e-18,3.28656e-11
40356737419.9,3.763,7.43460e+05,2.86252e+03,3.03576e-18,3.28538e-11
40359700045.5,3.764,7.43556e+05,2.86221e+03,3.03492e-18,3.28420e-11
40362662671.1,3.764,7.43652e+05,2.86190e+03,3.03409e-18,3.28303e-11
40365625296.6,3.764,7.43747e+05,2.86159e+03,3.03325e-18,3.28185e-11
40368587922.2,3.764,7.43843e+05,2.86128e+03,3.03242e-18,3.28067e-11
40371550547.8,3.765,7.43939e+05,2.86097e+03,3.03158e-18,3.27950e-11
40374513173.4,3.765,7.44034e+05,2.86065e+03,3.03075e-18,3.27832e-11
40377475799.0,3.765,7.44130e+05,2.86034e+03,3.02991e-18,3.27715e-11
40380438424.5,3.765,7.44226e+05,2.86003e+03,3.02908e-18,3.27598e-11
40383401050.1,3.766,7.44322e+05,2.85972e+03,3.02824e-18,3.27480e-11
40386363675.7,3.766,7.44417e+05,2.85941e+03,3.02741e-18,3.27363e-11
40389326301.3,3.766,7.44513e+05,2.85910e+03,3.02658e-18,3.27246e-11
40392288926.9,3.767,7.44609e+05,2.85879e+03,3.02574e-18,3.27128e-11
40395251552.4,3.767,7.44705e+05,2.85848e+03,3.02491e-18,3.27011e-11
40398214178.0,3.767,7.44800e+05,2.85817e+03,3.02408e-18,3.26894e-11
40401176803.6,3.767,7.44896e+05,2.85786e+03,3.02325e-18,3.26777e-11
40404139429.2,3.768,7.44992e+05,2.85755e+03,3.02241e-18,3.26660e-11
40407102054.8,3.768,7.45088e+05,2.85724e+03,3.02158e-18,3.26543e-11
40410064680.3,3.768,7.45183e+05,2.85693e+03,3.02075e-18,3.26426e-11
40413027305.9,3.769,7.45279e+05,2.85662e+03,3.01992e-18,3.26309e-11
40415989931.5,3.769,7.45375e+05,2.85631e+03,3.01909e-18,3.26193e-11
40418952557.1,3.769,7.45471e+05,2.85600e+03,3.01826e-18,3.26076e-11
40421915182.7,3.769,7.45567e+05,2.85569e+03,3.01743e-18,3.25959e-11
40424877808.2,3.770,7.45662e+05,2.85538e+03,3.01660e-18,3.25843e-11
40427840433.8,3.770,7.45758e+05,2.85507e+03,3.01577e-18,3.25726e-11
40430803059.4,3.770,7.45854e+05,2.85476e+03,3.01494e-18,3.25609e-11
40433765685.0,3.770,7.45950e+05,2.85445e+03,3.01411e-18,3.25493e-11
40436728310.6,3.771,7.46046e+05,2.85414e+03,3.01328e-18,3.25377e-11
40439690936.1,3.771,7.46142e+05,2.85383e+03,3.01245e-18,3.25260e-11
40442653561.7,3.771,7.46237e+05,2.85352e+03,3.01163e-18,3.25144e-11
40445616187.3,3.772,7.46333e+05,2.85321e+03,3.01080e-18,3.25028e-11
40448578812.9,3.772,7.46429e+05,2.85290e+03,3.00997e-18,3.24911e-11
40451541438.5,3.772,7.46525e+05,2.85259e+03,3.00914e-18,3.24795e-11
40454504064.0,3.772,7.46621e+05,2.85228e+03,3.00831e-18,3.24679e-11
40457466689.6,3.773,7.46717e+05,2.85197e+03,3.00749e-18,3.24563e-11
40460429315.2,3.773,7.46813e+05,2.85167e+03,3.00666e-18,3.24447e-11
40463391940.8,3.773,7.46909e+05,2.85136e+03,3.00584e-18,3.24331e-11
40466354566.4,3.774,7.47005e+05,2.85105e+03,3.00501e-18,3.24215e-11
40469317191.9,3.774,7.47101e+05,2.85074e+03,3.00418e-18,3.24099e-11
40472279817.5,3.774,7.47196e+05,2.85043e+03,3.00336e-18,3.23983e-11
40475242443.1,3.774,7.47292e+05,2.85012e+03,3.00253e-18,3.23867e-11
40478205068.7,3.775,7.47388e+05,2.84981e+03,3.00171e-18,3.23752e-11
40481167694.3,3.775,7.47484e+05,2.84950e+03,3.00088e-18,3.23636e-11
40484130319.8,3.775,7.47580e+05,2.84919e+03,3.00006e-18,3.23520e-11
40487092945.4,3.775,7.47676e+05,2.84888e+03,2.99923e-18,3.23405e-11
40490055571.0,3.776,7.47772e+05,2.84857e+03,2.99841e-18,3.23289e-11
40493018196.6,3.776,7.47868e+05,2.84827e+03,2.99759e-18,3.23174e-11
40495980822.2,3.776,7.47964e+05,2.84796e+03,2.99676e-18,3.23058e-11
40498943447.7,3.777,7.48060e+05,2.84765e+03,2.99594e-18,3.22943e-11
40501906073.3,3.777,7.48156e+05,2.84734e+03,2.99512e-18,3.22828e-11
40504868698.9,3.777,7.48252e+05,2.84703e+03,2.99430e-18,3.22712e-11
40507831324.5,3.777,7.48348e+05,2.84672e+03,2.99347e-18,3.22597e-11
40510793950.1,3.778,7.48444e+05,2.84641e+03,2.99265e-18,3.22482e-11
40513756575.6,3.778,7.48540e+05,2.84611e+03,2.99183e-18,3.22367e-11
40516719201.2,3.778,7.48636e+05,2.84580e+03,2.99101e-18,3.22252e-11
40519681826.8,3.778,7.48733e+05,2.84549e+03,2.99019e-18,3.22137e-11
40522644452.4,3.779,7.48829e+05,2.84518e+03,2.98937e-18,3.22022e-11
40525607078.0,3.779,7.48925e+05,2.84487e+03,2.98855e-18,3.21907e-11
40528569703.5,3.779,7.49021e+05,2.84456e+03,2.98773e-18,3.21792e-11
40531532329.1,3.780,7.49117e+05,2.84425e+03,2.98691e-18,3.21677e-11
40534494954.7,3.780,7.49213e+05,2.84395e+03,2.98609e-18,3.21562e-11
40537457580.3,3.780,7.49309e+05,2.84364e+03,2.98527e-18,3.21447e-11
40540420205.9,3.780,7.49405e+05,2.84333e+03,2.98445e-18,3.21333e-11
40543382831.4,3.781,7.49501e+05,2.84302e+03,2.98363e-18,3.21218e-11
40546345457.0,3.781,7.49597e+05,2.84271e+03,2.98281e-18,3.21103e-11
40549308082.6,3.781,7.49694e+05,2.84241e+03,2.98199e-18,3.20989e-11
40552270708.2,3.782,7.49790e+05,2.84210e+03,2.98117e-18,3.20874e-11
40555233333.8,3.782,7.49886e+05,2.84179e+03,2.98036e-18,3.20760e-11
40558195959.3,3.782,7.49982e+05,2.84148e+03,2.97954e-18,3.20646e-11
40561158584.9,3.782,7.50078e+05,2.84117e+03,2.97872e-18,3.20531e-11
40564121210.5,3.783,7.50174e+05,2.84087e+03,2.97791e-18,3.20417e-11
40567083836.1,3.783,7.50271e+05,2.84056e+03,2.97709e-18,3.20303e-11
40570046461.7,3.783,7.50367e+05,2.84025e+03,2.97627e-18,3.20189e-11
40573009087.2,3.783,7.50463e+05,2.83994e+03,2.97546e-18,3.20074e-11
40575971712.8,3.784,7.50559e+05,2.83964e+03,2.97464e-18,3.19960e-11
40578934338.4,3.784,7.50655e+05,2.83933e+03,2.97382e-18,3.19846e-11
40581896964.0,3.784,7.50752e+05,2.83902e+03,2.97301e-18,3.19732e-11
40584859589.6,3.785,7.50848e+05,2.83871e+03,2.97219e-18,3.19618e-11
40587822215.1,3.785,7.50944e+05,2.83841e+03,2.97138e-18,3.19504e-11
40590784840.7,3.785,7.51040e+05,2.83810e+03,2.97057e-18,3.19391e-11
40593747466.3,3.785,7.51136e+05,2.83779e+03,2.96975e-18,3.19277e-11
40596710091.9,3.786,7.51233e+05,2.83748e+03,2.96894e-18,3.19163e-11
40599672717.5,3.786,7.51329e+05,2.83718e+03,2.96812e-18,3.19049e-11
40602635343.0,3.786,7.51425e+05,2.83687e+03,2.96731e-18,3.18936e-11
40605597968.6,3.786,7.51521e+05,2.83656e+03,2.96650e-18,3.18822e-11
40608560594.2,3.787,7.51618e+05,2.83626e+03,2.96569e-18,3.18708e-11
40611523219.8,3.787,7.51714e+05,2.83595e+03,2.96487e-18,3.18595e-11
40614485845.4,3.787,7.51810e+05,2.83564e+03,2.96406e-18,3.18482e-11
40617448470.9,3.788,7.51907e+05,2.83533e+03,2.96325e-18,3.18368e-11
40620411096.5,3.788,7.52003e+05,2.83503e+03,2.96244e-18,3.18255e-11
40623373722.1,3.788,7.52099e+05,2.83472e+03,2.96163e-18,3.18141e-11
40626336347.7,3.788,7.52195e+05,2.83441e+03,2.96081e-18,3.18028e-11
40629298973.3,3.789,7.52292e+05,2.83411e+03,2.96000e-18,3.17915e-11
40632261598.8,3.789,7.52388e+05,2.83380e+03,2.95919e-18,3.17802e-11
40635224224.4,3.789,7.52484e+05,2.83349e+03,2.95838e-18,3.17689e-11
40638186850.0,3.790,7.52581e+05,2.83319e+03,2.95757e-18,3.17576e-11
40641149475.6,3.790,7.52677e+05,2.83288e+03,2.95676e-18,3.17463e-11
40644112101.2,3.790,7.52773e+05,2.83258e+03,2.95595e-18,3.17350e-11
40647074726.7,3.790,7.52870e+05,2.83227e+03,2.95515e-18,3.17237e-11
40650037352.3,3.791,7.52966e+05,2.83196e+03,2.95434e-18,3.17124e-11
40652999977.9,3.791,7.53062e+05,2.83166e+03,2.95353e-18,3.17011e-11
40655962603.5,3.791,7.53159e+05,2.83135e+03,2.95272e-18,3.16898e-11
40658925229.1,3.791,7.53255e+05,2.83104e+03,2.95191e-18,3.16786e-11
40661887854.6,3.792,7.53351e+05,2.83074e+03,2.95111e-18,3.16673e-11
40664850480.2,3.792,7.53448e+05,2.83043e+03,2.95030e-18,3.16560e-11
40667813105.8,3.792,7.53544e+05,2.83013e+03,2.94949e-18,3.16448e-11
40670775731.4,3.793,7.53640e+05,2.82982e+03,2.94868e-18,3.16335e-11
40673738357.0,3.793,7.53737e+05,2.82951e+03,2.94788e-18,3.16223e-11
40676700982.5,3.793,7.53833e+05,2.82921e+03,2.94707e-18,3.16111e-11
40679663608.1,3.793,7.53929e+05,2.82890e+03,2.94627e-18,3.15998e-11
40682626233.7,3.794,7.54026e+05,2.82860e+03,2.94546e-18,3.15886e-11
40685588859.3,3.794,7.54122e+05,2.82829e+03,2.94465e-18,3.15774e-11
40688551484.9,3.794,7.54219e+05,2.82798e+03,2.94385e-18,3.15661e-11
40691514110.4,3.795,7.54315e+05,2.82768e+03,2.94304e-18,3.15549e-11
40694476736.0,3.795,7.54411e+05,2.82737e+03,2.94224e-18,3.15437e-11
40697439361.6,3.795,7.54508e+05,2.82707e+03,2.94144e-18,3.15325e-11
40700401987.2,3.795,7.54604e+05,2.82676e+03,2.94063e-18,3.15213e-11
40703364612.8,3.796,7.54700e+05,2.82646e+03,2.93983e-18,3.15101e-11
40706327238.3,3.796,7.54797e+05,2.82615e+03,2.93903e-18,3.14989e-11
40709289863.9,3.796,7.54893e+05,2.82585e+03,2.93822e-18,3.14877e-11
40712252489.5,3.796,7.54990e+05,2.82554e+03,2.93742e-18,3.14766e-11
40715215115.1,3.797,7.55086e+05,2.82524e+03,2.93662e-18,3.14654e-11
40718177740.7,3.797,7.55183e+05,2.82493e+03,2.93581e-18,3.14542e-11
40721140366.2,3.797,7.55279e+05,2.82463e+03,2.93501e-18,3.14430e-11
40724102991.8,3.798,7.55375e+05,2.82432e+03,2.93421e-18,3.14319e-11
40727065617.4,3.798,7.55472e+05,2.82402e+03,2.93341e-18,3.14207e-11
40730028243.0,3.798,7.55568e+05,2.82371e+03,2.93261e-18,3.14096e-11
40732990868.6,3.798,7.55665e+05,2.82341e+03,2.93181e-18,3.13984e-11
40735953494.1,3.799,7.55761e+05,2.82310e+03,2.93101e-18,3.13873e-11
40738916119.7,3.799,7.55858e+05,2.82280e+03,2.93021e-18,3.13762e-11
40741878745.3,3.799,7.55954e+05,2.82249e+03,2.92941e-18,3.13650e-11
40744841370.9,3.799,7.56050e+05,2.82219e+03,2.92861e-18,3.13539e-11
40747803996.5,3.800,7.56147e+05,2.82188e+03,2.92781e-18,3.13428e-11
40750766622.0,3.800,7.56243e+05,2.82158e+03,2.92701e-18,3.13317e-11
40753729247.6,3.800,7.56340e+05,2.82127e+03,2.92621e-18,3.13205e-11
40756691873.2,3.801,7.56436e+05,2.82097e+03,2.92541e-18,3.13094e-11
40759654498.8,3.801,7.56533e+05,2.82067e+03,2.92461e-18,3.12983e-11
40762617124.4,3.801,7.56629e+05,2.82036e+03,2.92382e-18,3.12872e-11
40765579749.9,3.801,7.56726e+05,2.82006e+03,2.92302e-18,3.12761e-11
40768542375.5,3.802,7.56822e+05,2.81975e+03,2.92222e-18,3.12651e-11
40771505001.1,3.802,7.56919e+05,2.81945e+03,2.92142e-18,3.12540e-11
40774467626.7,3.802,7.57015e+05,2.81914e+03,2.92063e-18,3.12429e-11
40777430252.3,3.803,7.57112e+05,2.81884e+03,2.91983e-18,3.12318e-11
40780392877.8,3.803,7.57208e+05,2.81854e+03,2.91903e-18,3.12208e-11
40783355503.4,3.803,7.57305e+05,2.81823e+03,2.91824e-18,3.12097e-11
40786318129.0,3.803,7.57401e+05,2.81793e+03,2.91744e-18,3.11986e-11
40789280754.6,3.804,7.57498e+05,2.81763e+03,2.91665e-18,3.11876e-11
40792243380.2,3.804,7.57594e+05,2.81732e+03,2.91585e-18,3.11765e-11
40795206005.7,3.804,7.57691e+05,2.81702e+03,2.91506e-18,3.11655e-11
40798168631.3,3.804,7.57787e+05,2.81671e+03,2.91426e-18,3.11545e-11
40801131256.9,3.805,7.57884e+05,2.81641e+03,2.91347e-18,3.11434e-11
40804093882.5,3.805,7.57980e+05,2.81611e+03,2.91267e-18,3.11324e-11
40807056508.1,3.805,7.58077e+05,2.81580e+03,2.91188e-18,3.11214e-11
40810019133.6,3.806,7.58173e+05,2.81550e+03,2.91109e-18,3.11104e-11
40812981759.2,3.806,7.58270e+05,2.81520e+03,2.91029e-18,3.10993e-11
40815944384.8,3.806,7.58366e+05,2.81489e+03,2.90950e-18,3.10883e-11
40818907010.4,3.806,7.58463e+05,2.81459e+03,2.90871e-18,3.10773e-11
40821869636.0,3.807,7.58559e+05,2.81429e+03,2.90792e-18,3.10663e-11
40824832261.5,3.807,7.58656e+05,2.81398e+03,2.90712e-18,3.10553e-11
40827794887.1,3.807,7.58752e+05,2.81368e+03,2.90633e-18,3.10444e-11
40830757512.7,3.807,7.58849e+05,2.81338e+03,2.90554e-18,3.10334e-11
40833720138.3,3.808,7.58945e+05,2.81307e+03,2.90475e-18,3.10224e-11
40836682763.9,3.808,7.59042e+05,2.81277e+03,2.90396e-18,3.10114e-11
40839645389.4,3.808,7.59139e+05,2.81247e+03,2.90317e-18,3.10004e-11
40842608015.0,3.809,7.59235e+05,2.81217e+03,2.90238e-18,3.09895e-11
40845570640.6,3.809,7.59332e+05,2.81186e+03,2.90159e-18,3.09785e-11
40848533266.2,3.809,7.59428e+05,2.81156e+03,2.90080e-18,3.09676e-11
40851495891.8,3.809,7.59525e+05,2.81126e+03,2.90001e-18,3.09566e-11
40854458517.3,3.810,7.59621e+05,2.81096e+03,2.89922e-18,3.09457e-11
40857421142.9,3.810,7.59718e+05,2.81065e+03,2.89843e-18,3.09347e-11
40860383768.5,3.810,7.59814e+05,2.81035e+03,2.89764e-18,3.09238e-11
40863346394.1,3.811,7.59911e+05,2.81005e+03,2.89685e-18,3.09129e-11
40866309019.7,3.811,7.60008e+05,2.80975e+03,2.89607e-18,3.09019e-11
40869271645.2,3.811,7.60104e+05,2.80944e+03,2.89528e-18,3.08910e-11
40872234270.8,3.811,7.60201e+05,2.80914e+03,2.89449e-18,3.08801e-11
40875196896.4,3.812,7.60297e+05,2.80884e+03,2.89370e-18,3.08692e-11
40878159522.0,3.812,7.60394e+05,2.80854e+03,2.89292e-18,3.08583e-11
40881122147.6,3.812,7.60491e+05,2.80823e+03,2.89213e-18,3.08474e-11
40884084773.1,3.812,7.60587e+05,2.80793e+03,2.89134e-18,3.08365e-11
40887047398.7,3.813,7.60684e+05,2.80763e+03,2.89056e-18,3.08256e-11
40890010024.3,3.813,7.60780e+05,2.80733e+03,2.88977e-18,3.08147e-11
40892972649.9,3.813,7.60877e+05,2.80703e+03,2.88899e-18,3.08038e-11
40895935275.5,3.814,7.60974e+05,2.80672e+03,2.88820e-18,3.07929e-11
40898897901.0,3.814,7.61070e+05,2.80642e+03,2.88742e-18,3.07821e-11
40901860526.6,3.814,7.61167e+05,2.80612e+03,2.88663e-18,3.07712e-11
40904823152.2,3.814,7.61263e+05,2.80582e+03,2.88585e-18,3.07603e-11
40907785777.8,3.815,7.61360e+05,2.80552e+03,2.88506e-18,3.07495e-11
40910748403.4,3.815,7.61457e+05,2.80522e+03,2.88428e-18,3.07386e-11
40913711028.9,3.815,7.61553e+05,2.80491e+03,2.88349e-18,3.07278e-11
40916673654.5,3.816,7.61650e+05,2.80461e+03,2.88271e-18,3.07169e-11
40919636280.1,3.816,7.61747e+05,2.80431e+03,2.88193e-18,3.07061e-11
40922598905.7,3.816,7.61843e+05,2.80401e+03,2.88115e-18,3.06953e-11
40925561531.3,3.816,7.61940e+05,2.80371e+03,2.88036e-18,3.06844e-11
40928524156.8,3.817,7.62037e+05,2.80341e+03,2.87958e-18,3.06736e-11
40931486782.4,3.817,7.62133e+05,2.80311e+03,2.87880e-18,3.06628e-11
40934449408.0,3.817,7.62230e+05,2.80280e+03,2.87802e-18,3.06520e-11
40937412033.6,3.817,7.62327e+05,2.80250e+03,2.87724e-18,3.06412e-11
40940374659.2,3.818,7.62423e+05,2.80220e+03,2.87645e-18,3.06304e-11
40943337284.7,3.818,7.62520e+05,2.80190e+03,2.87567e-18,3.06196e-11
40946299910.3,3.818,7.62617e+05,2.80160e+03,2.87489e-18,3.06088e-11
40949262535.9,3.819,7.62713e+05,2.80130e+03,2.87411e-18,3.05980e-11
40952225161.5,3.819,7.62810e+05,2.80100e+03,2.87333e-18,3.05872e-11
40955187787.1,3.819,7.62907e+05,2.80070e+03,2.87255e-18,3.05764e-11
40958150412.6,3.819,7.63003e+05,2.80040e+03,2.87177e-18,3.05656e-11
40961113038.2,3.820,7.63100e+05,2.80010e+03,2.87099e-18,3.05549e-11
40964075663.8,3.820,7.63197e+05,2.79980e+03,2.87022e-18,3.05441e-11
40988470836.3,3.822,7.63993e+05,2.79732e+03,2.86381e-18,3.04556e-11
41012866008.9,3.824,7.64789e+05,2.79485e+03,2.85743e-18,3.03674e-11
41037261181.4,3.827,7.65586e+05,2.79239e+03,2.85106e-18,3.02796e-11
41061656354.0,3.829,7.66383e+05,2.78992e+03,2.84471e-18,3.01921e-11
41086051526.5,3.831,7.67180e+05,2.78747e+03,2.83838e-18,3.01049e-11
41110446699.1,3.834,7.67978e+05,2.78501e+03,2.83207e-18,3.00180e-11
41134841871.6,3.836,7.68776e+05,2.78256e+03,2.82578e-18,2.99314e-11
41159237044.1,3.838,7.69574e+05,2.78011e+03,2.81950e-18,2.98451e-11
41183632216.7,3.840,7.70372e+05,2.77766e+03,2.81324e-18,2.97591e-11
41208027389.2,3.843,7.71171e+05,2.77522e+03,2.80700e-18,2.96735e-11
41232422561.8,3.845,7.71970e+05,2.77278e+03,2.80078e-18,2.95881e-11
41256817734.3,3.847,7.72769e+05,2.77035e+03,2.79458e-18,2.95031e-11
41281212906.9,3.849,7.73569e+05,2.76791e+03,2.78839e-18,2.94183e-11
41305608079.4,3.852,7.74370e+05,2.76548e+03,2.78222e-18,2.93338e-11
41330003252.0,3.854,7.75171e+05,2.76306e+03,2.77606e-18,2.92496e-11
41354398424.5,3.856,7.75973e+05,2.76063e+03,2.76992e-18,2.91658e-11
41378793597.0,3.859,7.76775e+05,2.75821e+03,2.76380e-18,2.90821e-11
41403188769.6,3.861,7.77578e+05,2.75579e+03,2.75769e-18,2.89988e-11
41427583942.1,3.863,7.78382e+05,2.75337e+03,2.75160e-18,2.89158e-11
41451979114.7,3.865,7.79186e+05,2.75096e+03,2.74553e-18,2.88330e-11
41476374287.2,3.868,7.79991e+05,2.74855e+03,2.73947e-18,2.87506e-11
41500769459.8,3.870,7.80797e+05,2.74614e+03,2.73342e-18,2.86684e-11
41525164632.3,3.872,7.81602e+05,2.74373e+03,2.72740e-18,2.85865e-11
41549559804.8,3.875,7.82409e+05,2.74133e+03,2.72139e-18,2.85048e-11
41573954977.4,3.877,7.83215e+05,2.73893e+03,2.71540e-18,2.84235e-11
41598350149.9,3.879,7.84022e+05,2.73653e+03,2.70942e-18,2.83425e-11
41622745322.5,3.881,7.84828e+05,2.73414e+03,2.70347e-18,2.82617e-11
41647140495.0,3.884,7.85635e+05,2.73175e+03,2.69753e-18,2.81813e-11
41671535667.6,3.886,7.86442e+05,2.72937e+03,2.69161e-18,2.81012e-11
41695930840.1,3.888,7.87249e+05,2.72699e+03,2.68570e-18,2.80213e-11
41720326012.6,3.890,7.88055e+05,2.72461e+03,2.67982e-18,2.79417e-11
41744721185.2,3.893,7.88862e+05,2.72224e+03,2.67395e-18,2.78625e-11
41769116357.7,3.895,7.89668e+05,2.71987e+03,2.66810e-18,2.77835e-11
41793511530.3,3.897,7.90475e+05,2.71751e+03,2.66227e-18,2.77048e-11
41817906702.8,3.900,7.91281e+05,2.71515e+03,2.65645e-18,2.76264e-11
41842301875.4,3.902,7.92088e+05,2.71279e+03,2.65065e-18,2.75483e-11
41866697047.9,3.904,7.92894e+05,2.71044e+03,2.64487e-18,2.74705e-11
41891092220.4,3.906,7.93700e+05,2.70809e+03,2.63911e-18,2.73929e-11
41915487393.0,3.909,7.94507e+05,2.70575e+03,2.63336e-18,2.73157e-11
41939882565.5,3.911,7.95313e+05,2.70341e+03,2.62763e-18,2.72387e-11
41964277738.1,3.913,7.96120e+05,2.70107e+03,2.62192e-18,2.71620e-11
41988672910.6,3.915,7.96926e+05,2.69874e+03,2.61622e-18,2.70856e-11
42013068083.2,3.918,7.97733e+05,2.69641e+03,2.61054e-18,2.70094e-11
42037463255.7,3.920,7.98539e+05,2.69408e+03,2.60488e-18,2.69335e-11
42061858428.2,3.922,7.99346e+05,2.69176e+03,2.59924e-18,2.68579e-11
42086253600.8,3.925,8.00152e+05,2.68944e+03,2.59361e-18,2.67826e-11
42110648773.3,3.927,8.00959e+05,2.68713e+03,2.58799e-18,2.67075e-11
42135043945.9,3.929,8.01766e+05,2.68482e+03,2.58240e-18,2.66327e-11
42159439118.4,3.931,8.02573e+05,2.68251e+03,2.57681e-18,2.65582e-11
42183834291.0,3.934,8.03380e+05,2.68021e+03,2.57125e-18,2.64840e-11
42208229463.5,3.936,8.04187e+05,2.67791e+03,2.56570e-18,2.64100e-11
42232624636.0,3.938,8.04994e+05,2.67561e+03,2.56017e-18,2.63362e-11
42257019808.6,3.940,8.05801e+05,2.67332e+03,2.55465e-18,2.62627e-11
42281414981.1,3.943,8.06609e+05,2.67103e+03,2.54915e-18,2.61895e-11
42305810153.7,3.945,8.07416e+05,2.66875e+03,2.54366e-18,2.61166e-11
42330205326.2,3.947,8.08224e+05,2.66646e+03,2.53819e-18,2.60439e-11
42354600498.8,3.950,8.09031e+05,2.66419e+03,2.53274e-18,2.59714e-11
42378995671.3,3.952,8.09839e+05,2.66191e+03,2.52730e-18,2.58992e-11
42403390843.8,3.954,8.10647e+05,2.65964e+03,2.52188e-18,2.58273e-11
42427786016.4,3.956,8.11455e+05,2.65737e+03,2.51647e-18,2.57556e-11
42452181188.9,3.959,8.12263e+05,2.65511e+03,2.51108e-18,2.56842e-11
42476576361.5,3.961,8.13071e+05,2.65284e+03,2.50570e-18,2.56130e-11
42500971534.0,3.963,8.13880e+05,2.65059e+03,2.50034e-18,2.55421e-11
42525366706.6,3.966,8.14688e+05,2.64833e+03,2.49500e-18,2.54714e-11
42549761879.1,3.968,8.15497e+05,2.64608e+03,2.48966e-18,2.54010e-11
42574157051.6,3.970,8.16306e+05,2.64383e+03,2.48435e-18,2.53308e-11
42598552224.2,3.972,8.17114e+05,2.64159e+03,2.47905e-18,2.52609e-11
42622947396.7,3.975,8.17923e+05,2.63935e+03,2.47376e-18,2.51912e-11
42647342569.3,3.977,8.18733e+05,2.63711e+03,2.46849e-18,2.51218e-11
42671737741.8,3.979,8.19542e+05,2.63488e+03,2.46323e-18,2.50526e-11
42696132914.4,3.981,8.20351e+05,2.63264e+03,2.45799e-18,2.49836e-11
42720528086.9,3.984,8.21161e+05,2.63042e+03,2.45276e-18,2.49149e-11
42744923259.4,3.986,8.21970e+05,2.62819e+03,2.44755e-18,2.48464e-11
42769318432.0,3.988,8.22780e+05,2.62597e+03,2.44236e-18,2.47781e-11
42793713604.5,3.991,8.23590e+05,2.62375e+03,2.43717e-18,2.47101e-11
42818108777.1,3.993,8.24400e+05,2.62154e+03,2.43200e-18,2.46424e-11
42842503949.6,3.995,8.25210e+05,2.61933e+03,2.42685e-18,2.45748e-11
42866899122.2,3.997,8.26020e+05,2.61712e+03,2.42171e-18,2.45075e-11
42891294294.7,4.000,8.26831e+05,2.61492e+03,2.41659e-18,2.44404e-11
42915689467.3,4.002,8.27641e+05,2.61271e+03,2.41148e-18,2.43736e-11
42940084639.8,4.004,8.28452e+05,2.61052e+03,2.40638e-18,2.43070e-11
42964479812.3,4.006,8.29263e+05,2.60832e+03,2.40130e-18,2.42406e-11
42988874984.9,4.009,8.30074e+05,2.60613e+03,2.39623e-18,2.41745e-11
43013270157.4,4.011,8.30885e+05,2.60394e+03,2.39117e-18,2.41086e-11
43037665330.0,4.013,8.31696e+05,2.60176e+03,2.38613e-18,2.40429e-11
43062060502.5,4.016,8.32508e+05,2.59958e+03,2.38111e-18,2.39774e-11
43086455675.1,4.018,8.33319e+05,2.59740e+03,2.37610e-18,2.39122e-11
43110850847.6,4.020,8.34131e+05,2.59522e+03,2.37110e-18,2.38471e-11
43135246020.1,4.022,8.34943e+05,2.59305e+03,2.36612e-18,2.37824e-11
43159641192.7,4.025,8.35755e+05,2.59088e+03,2.36115e-18,2.37178e-11
43184036365.2,4.027,8.36567e+05,2.58871e+03,2.35619e-18,2.36534e-11
43208431537.8,4.029,8.37379e+05,2.58655e+03,2.35125e-18,2.35893e-11
43232826710.3,4.031,8.38191e+05,2.58439e+03,2.34632e-18,2.35254e-11
43257221882.9,4.034,8.39004e+05,2.58224e+03,2.34140e-18,2.34617e-11
43281617055.4,4.036,8.39817e+05,2.58008e+03,2.33650e-18,2.33982e-11
43306012227.9,4.038,8.40629e+05,2.57793e+03,2.33161e-18,2.33350e-11
43330407400.5,4.041,8.41442e+05,2.57579e+03,2.32674e-18,2.32719e-11
43354802573.0,4.043,8.42255e+05,2.57364e+03,2.32188e-18,2.32091e-11
43379197745.6,4.045,8.43068e+05,2.57150e+03,2.31703e-18,2.31465e-11
43403592918.1,4.047,8.43882e+05,2.56936e+03,2.31219e-18,2.30841e-11
43427988090.7,4.050,8.44695e+05,2.56723e+03,2.30737e-18,2.30219e-11
43452383263.2,4.052,8.45509e+05,2.56510e+03,2.30256e-18,2.29600e-11
43476778435.7,4.054,8.46323e+05,2.56297e+03,2.29777e-18,2.28982e-11
43501173608.3,4.057,8.47136e+05,2.56085e+03,2.29299e-18,2.28367e-11
43525568780.8,4.059,8.47950e+05,2.55872e+03,2.28822e-18,2.27753e-11
43549963953.4,4.061,8.48765e+05,2.55661e+03,2.28347e-18,2.27142e-11
43574359125.9,4.063,8.49579e+05,2.55449e+03,2.27872e-18,2.26533e-11
43598754298.5,4.066,8.50393e+05,2.55238e+03,2.27399e-18,2.25925e-11
43623149471.0,4.068,8.51208e+05,2.55027e+03,2.26928e-18,2.25320e-11
43647544643.5,4.070,8.52023e+05,2.54816e+03,2.26457e-18,2.24717e-11
43671939816.1,4.072,8.52837e+05,2.54606e+03,2.25988e-18,2.24116e-11
43696334988.6,4.075,8.53652e+05,2.54396e+03,2.25521e-18,2.23517e-11
43720730161.2,4.077,8.54468e+05,2.54186e+03,2.25054e-18,2.22920e-11
43745125333.7,4.079,8.55283e+05,2.53977e+03,2.24589e-18,2.22325e-11
43769520506.3,4.082,8.56098e+05,2.53767e+03,2.24125e-18,2.21732e-11
43793915678.8,4.084,8.56914e+05,2.53559e+03,2.23662e-18,2.21141e-11
43818310851.3,4.086,8.57729e+05,2.53350e+03,2.23201e-18,2.20552e-11
43842706023.9,4.088,8.58545e+05,2.53142e+03,2.22741e-18,2.19965e-11
43867101196.4,4.091,8.59361e+05,2.52934e+03,2.22282e-18,2.19380e-11
43891496369.0,4.093,8.60177e+05,2.52726e+03,2.21824e-18,2.18797e-11
43915891541.5,4.095,8.60994e+05,2.52519e+03,2.21368e-18,2.18216e-11
43940286714.1,4.097,8.61810e+05,2.52312e+03,2.20912e-18,2.17637e-11
43964681886.6,4.100,8.62626e+05,2.52105e+03,2.20458e-18,2.17060e-11
43989077059.1,4.102,8.63443e+05,2.51899e+03,2.20006e-18,2.16484e-11
44013472231.7,4.104,8.64260e+05,2.51693e+03,2.19554e-18,2.15911e-11
44037867404.2,4.107,8.65077e+05,2.51487e+03,2.19104e-18,2.15340e-11
44062262576.8,4.109,8.65894e+05,2.51281e+03,2.18655e-18,2.14770e-11
44086657749.3,4.111,8.66711e+05,2.51076e+03,2.18207e-18,2.14203e-11
44111052921.9,4.113,8.67528e+05,2.50871e+03,2.17760e-18,2.13637e-11
44135448094.4,4.116,8.68346e+05,2.50667e+03,2.17315e-18,2.13073e-11
44159843266.9,4.118,8.69163e+05,2.50462e+03,2.16871e-18,2.12511e-11
44184238439.5,4.120,8.69981e+05,2.50258e+03,2.16428e-18,2.11951e-11
44208633612.0,4.122,8.70799e+05,2.50054e+03,2.15986e-18,2.11393e-11
44233028784.6,4.125,8.71617e+05,2.49851e+03,2.15545e-18,2.10837e-11
44257423957.1,4.127,8.72435e+05,2.49648e+03,2.15106e-18,2.10282e-11
44281819129.7,4.129,8.73253e+05,2.49445e+03,2.14667e-18,2.09729e-11
44306214302.2,4.132,8.74072e+05,2.49242e+03,2.14230e-18,2.09179e-11
44330609474.8,4.134,8.74890e+05,2.49040e+03,2.13794e-18,2.08630e-11
44355004647.3,4.136,8.75709e+05,2.48838e+03,2.13360e-18,2.08082e-11
44379399819.8,4.138,8.76528e+05,2.48636e+03,2.12926e-18,2.07537e-11
44403794992.4,4.141,8.77347e+05,2.48435e+03,2.12494e-18,2.06994e-11
44428190164.9,4.143,8.78166e+05,2.48234e+03,2.12062e-18,2.06452e-11
44452585337.5,4.145,8.78985e+05,2.48033e+03,2.11632e-18,2.05912e-11
44476980510.0,4.148,8.79804e+05,2.47832e+03,2.11203e-18,2.05374e-11
44501375682.6,4.150,8.80624e+05,2.47632e+03,2.10775e-18,2.04837e-11
44525770855.1,4.152,8.81443e+05,2.47432e+03,2.10349e-18,2.04303e-11
44550166027.6,4.154,8.82263e+05,2.47232e+03,2.09923e-18,2.03770e-11
44574561200.2,4.157,8.83083e+05,2.47033e+03,2.09499e-18,2.03239e-11
44598956372.7,4.159,8.83903e+05,2.46833e+03,2.09076e-18,2.02709e-11
44623351545.3,4.161,8.84723e+05,2.46635e+03,2.08653e-18,2.02182e-11
44647746717.8,4.163,8.85544e+05,2.46436e+03,2.08232e-18,2.01656e-11
44672141890.4,4.166,8.86364e+05,2.46238e+03,2.07812e-18,2.01132e-11
44696537062.9,4.168,8.87185e+05,2.46040e+03,2.07394e-18,2.00609e-11
44720932235.4,4.170,8.88005e+05,2.45842e+03,2.06976e-18,2.00089e-11
44745327408.0,4.173,8.88826e+05,2.45644e+03,2.06559e-18,1.99570e-11
44769722580.5,4.175,8.89647e+05,2.45447e+03,2.06144e-18,1.99052e-11
44794117753.1,4.177,8.90468e+05,2.45250e+03,2.05730e-18,1.98537e-11
44818512925.6,4.179,8.91289e+05,2.45054e+03,2.05316e-18,1.98023e-11
44842908098.2,4.182,8.92111e+05,2.44857e+03,2.04904e-18,1.97511e-11
44867303270.7,4.184,8.92932e+05,2.44661e+03,2.04493e-18,1.97000e-11
44891698443.2,4.186,8.93754e+05,2.44465e+03,2.04083e-18,1.96491e-11
44916093615.8,4.188,8.94575e+05,2.44270e+03,2.03674e-18,1.95984e-11
44940488788.3,4.191,8.95397e+05,2.44075e+03,2.03267e-18,1.95479e-11
44964883960.9,4.193,8.96219e+05,2.43880e+03,2.02860e-18,1.94975e-11
44989279133.4,4.195,8.97041e+05,2.43685e+03,2.02454e-18,1.94472e-11
45013674306.0,4.198,8.97864e+05,2.43491e+03,2.02050e-18,1.93972e-11
45038069478.5,4.200,8.98686e+05,2.43297e+03,2.01646e-18,1.93473e-11
45062464651.0,4.202,8.99508e+05,2.43103e+03,2.01244e-18,1.92975e-11
45086859823.6,4.204,9.00331e+05,2.42909e+03,2.00842e-18,1.92480e-11
45111254996.1,4.207,9.01154e+05,2.42716e+03,2.00442e-18,1.91985e-11
45135650168.7,4.209,9.01977e+05,2.42523e+03,2.00043e-18,1.91493e-11
45160045341.2,4.211,9.02800e+05,2.42330e+03,1.99644e-18,1.91002e-11
45184440513.8,4.213,9.03623e+05,2.42137e+03,1.99247e-18,1.90513e-11
45208835686.3,4.216,9.04446e+05,2.41945e+03,1.98851e-18,1.90025e-11
45233230858.8,4.218,9.05270e+05,2.41753e+03,1.98456e-18,1.89539e-11
45257626031.4,4.220,9.06093e+05,2.41562e+03,1.98062e-18,1.89054e-11
45282021203.9,4.223,9.06917e+05,2.41370e+03,1.97669e-18,1.88571e-11
45306416376.5,4.225,9.07741e+05,2.41179e+03,1.97277e-18,1.88090e-11
45330811549.0,4.227,9.08564e+05,2.40988e+03,1.96886e-18,1.87610e-11
45355206721.6,4.229,9.09388e+05,2.40797e+03,1.96496e-18,1.87131e-11
45379601894.1,4.232,9.10213e+05,2.40607e+03,1.96107e-18,1.86654e-11
45403997066.6,4.234,9.11037e+05,2.40417e+03,1.95719e-18,1.86179e-11
45428392239.2,4.236,9.11861e+05,2.40227e+03,1.95332e-18,1.85705e-11
45452787411.7,4.238,9.12686e+05,2.40038e+03,1.94946e-18,1.85233e-11
45477182584.3,4.241,9.13511e+05,2.39848e+03,1.94561e-18,1.84762e-11
45501577756.8,4.243,9.14335e+05,2.39659e+03,1.94177e-18,1.84293e-11
45525972929.4,4.245,9.15160e+05,2.39471e+03,1.93795e-18,1.83825e-11
45550368101.9,4.248,9.15985e+05,2.39282e+03,1.93413e-18,1.83359e-11
45574763274.4,4.250,9.16811e+05,2.39094e+03,1.93032e-18,1.82895e-11
45599158447.0,4.252,9.17636e+05,2.38906e+03,1.92652e-18,1.82431e-11
45623553619.5,4.254,9.18461e+05,2.38718e+03,1.92273e-18,1.81970e-11
45647948792.1,4.257,9.19287e+05,2.38531e+03,1.91895e-18,1.81509e-11
45672343964.6,4.259,9.20113e+05,2.38344e+03,1.91518e-18,1.81051e-11
45696739137.2,4.261,9.20938e+05,2.38157e+03,1.91142e-18,1.80593e-11
45721134309.7,4.264,9.21764e+05,2.37970e+03,1.90767e-18,1.80137e-11
45745529482.2,4.266,9.22590e+05,2.37784e+03,1.90393e-18,1.79683e-11
45769924654.8,4.268,9.23416e+05,2.37598e+03,1.90020e-18,1.79230e-11
45794319827.3,4.270,9.24243e+05,2.37412e+03,1.89648e-18,1.78779e-11
45818714999.9,4.273,9.25069e+05,2.37226e+03,1.89277e-18,1.78329e-11
45843110172.4,4.275,9.25896e+05,2.37041e+03,1.88907e-18,1.77880e-11
45867505345.0,4.277,9.26722e+05,2.36856e+03,1.88537e-18,1.77433e-11
45891900517.5,4.279,9.27549e+05,2.36671e+03,1.88169e-18,1.76987e-11
45916295690.1,4.282,9.28376e+05,2.36486e+03,1.87802e-18,1.76543e-11
45940690862.6,4.284,9.29203e+05,2.36302e+03,1.87435e-18,1.76100e-11
45965086035.1,4.286,9.30030e+05,2.36118e+03,1.87070e-18,1.75658e-11
45989481207.7,4.289,9.30858e+05,2.35934e+03,1.86705e-18,1.75218e-11
46013876380.2,4.291,9.31685e+05,2.35750e+03,1.86342e-18,1.74779e-11
46038271552.8,4.293,9.32512e+05,2.35567e+03,1.85979e-18,1.74342e-11
46062666725.3,4.295,9.33340e+05,2.35384e+03,1.85618e-18,1.73906e-11
46087061897.9,4.298,9.34168e+05,2.35201e+03,1.85257e-18,1.73471e-11
46111457070.4,4.300,9.34996e+05,2.35019e+03,1.84897e-18,1.73038e-11
46135852242.9,4.302,9.35824e+05,2.34836e+03,1.84538e-18,1.72606e-11
46160247415.5,4.304,9.36652e+05,2.34654e+03,1.84180e-18,1.72176e-11
46184642588.0,4.307,9.37480e+05,2.34472e+03,1.83823e-18,1.71747e-11
46209037760.6,4.309,9.38308e+05,2.34291e+03,1.83467e-18,1.71319e-11
46233432933.1,4.311,9.39137e+05,2.34110e+03,1.83112e-18,1.70892e-11
46257828105.7,4.314,9.39965e+05,2.33929e+03,1.82757e-18,1.70467e-11
46282223278.2,4.316,9.40794e+05,2.33748e+03,1.82404e-18,1.70044e-11
46306618450.7,4.318,9.41623e+05,2.33567e+03,1.82051e-18,1.69621e-11
46331013623.3,4.320,9.42452e+05,2.33387e+03,1.81700e-18,1.69200e-11
46355408795.8,4.323,9.43281e+05,2.33207e+03,1.81349e-18,1.68780e-11
46379803968.4,4.325,9.44110e+05,2.33027e+03,1.80999e-18,1.68362e-11
46404199140.9,4.327,9.44940e+05,2.32848e+03,1.80650e-18,1.67945e-11
46428594313.5,4.329,9.45769e+05,2.32668e+03,1.80302e-18,1.67529e-11
46452989486.0,4.332,9.46599e+05,2.32489e+03,1.79955e-18,1.67115e-11
46477384658.5,4.334,9.47428e+05,2.32310e+03,1.79609e-18,1.66701e-11
46501779831.1,4.336,9.48258e+05,2.32132e+03,1.79263e-18,1.66289e-11
46526175003.6,4.339,9.49088e+05,2.31954e+03,1.78919e-18,1.65879e-11
46550570176.2,4.341,9.49918e+05,2.31775e+03,1.78575e-18,1.65469e-11
46574965348.7,4.343,9.50748e+05,2.31598e+03,1.78232e-18,1.65061e-11
46599360521.3,4.345,9.51578e+05,2.31420e+03,1.77891e-18,1.64655e-11
46623755693.8,4.348,9.52409e+05,2.31243e+03,1.77549e-18,1.64249e-11
46648150866.3,4.350,9.53239e+05,2.31066e+03,1.77209e-18,1.63845e-11
46672546038.9,4.352,9.54070e+05,2.30889e+03,1.76870e-18,1.63442e-11
46696941211.4,4.355,9.54900e+05,2.30712e+03,1.76532e-18,1.63040e-11
46721336384.0,4.357,9.55731e+05,2.30536e+03,1.76194e-18,1.62640e-11
46745731556.5,4.359,9.56562e+05,2.30360e+03,1.75857e-18,1.62240e-11
46770126729.1,4.361,9.57393e+05,2.30184e+03,1.75521e-18,1.61842e-11
46794521901.6,4.364,9.58225e+05,2.30008e+03,1.75186e-18,1.61446e-11
46818917074.1,4.366,9.59056e+05,2.29833e+03,1.74852e-18,1.61050e-11
46843312246.7,4.368,9.59887e+05,2.29657e+03,1.74519e-18,1.60656e-11
46867707419.2,4.370,9.60719e+05,2.29483e+03,1.74186e-18,1.60263e-11
46892102591.8,4.373,9.61550e+05,2.29308e+03,1.73854e-18,1.59871e-11
46916497764.3,4.375,9.62382e+05,2.29133e+03,1.73524e-18,1.59480e-11
46940892936.9,4.377,9.63214e+05,2.28959e+03,1.73194e-18,1.59091e-11
46965288109.4,4.380,9.64046e+05,2.28785e+03,1.72864e-18,1.58703e-11
46989683281.9,4.382,9.64878e+05,2.28611e+03,1.72536e-18,1.58315e-11
47014078454.5,4.384,9.65710e+05,2.28438e+03,1.72208e-18,1.57930e-11
47038473627.0,4.386,9.66543e+05,2.28265e+03,1.71882e-18,1.57545e-11
47062868799.6,4.389,9.67375e+05,2.28092e+03,1.71556e-18,1.57162e-11
47087263972.1,4.391,9.68208e+05,2.27919e+03,1.71231e-18,1.56779e-11
47111659144.7,4.393,9.69040e+05,2.27746e+03,1.70907e-18,1.56398e-11
47136054317.2,4.395,9.69873e+05,2.27574e+03,1.70583e-18,1.56018e-11
47160449489.7,4.398,9.70706e+05,2.27402e+03,1.70260e-18,1.55639e-11
47184844662.3,4.400,9.71539e+05,2.27230e+03,1.69939e-18,1.55262e-11
47209239834.8,4.402,9.72372e+05,2.27058e+03,1.69618e-18,1.54885e-11
47233635007.4,4.405,9.73205e+05,2.26887e+03,1.69297e-18,1.54510e-11
47258030179.9,4.407,9.74038e+05,2.26716e+03,1.68978e-18,1.54136e-11
47282425352.5,4.409,9.74872e+05,2.26545e+03,1.68659e-18,1.53763e-11
47306820525.0,4.411,9.75705e+05,2.26374e+03,1.68341e-18,1.53391e-11
47331215697.5,4.414,9.76539e+05,2.26204e+03,1.68024e-18,1.53021e-11
47355610870.1,4.416,9.77373e+05,2.26033e+03,1.67708e-18,1.52651e-11
47380006042.6,4.418,9.78207e+05,2.25863e+03,1.67393e-18,1.52283e-11
47404401215.2,4.420,9.79041e+05,2.25694e+03,1.67078e-18,1.51915e-11
47428796387.7,4.423,9.79875e+05,2.25524e+03,1.66764e-18,1.51549e-11
47453191560.3,4.425,9.80709e+05,2.25355e+03,1.66451e-18,1.51184e-11
47477586732.8,4.427,9.81543e+05,2.25186e+03,1.66139e-18,1.50820e-11
47501981905.4,4.430,9.82378e+05,2.25017e+03,1.65827e-18,1.50457e-11
47526377077.9,4.432,9.83212e+05,2.24848e+03,1.65516e-18,1.50095e-11
47550772250.4,4.434,9.84047e+05,2.24680e+03,1.65206e-18,1.49735e-11
47575167423.0,4.436,9.84882e+05,2.24511e+03,1.64897e-18,1.49375e-11
47599562595.5,4.439,9.85717e+05,2.24344e+03,1.64588e-18,1.49017e-11
47623957768.1,4.441,9.86552e+05,2.24176e+03,1.64281e-18,1.48660e-11
47648352940.6,4.443,9.87387e+05,2.24008e+03,1.63974e-18,1.48303e-11
47672748113.2,4.446,9.88222e+05,2.23841e+03,1.63667e-18,1.47948e-11
47697143285.7,4.448,9.89057e+05,2.23674e+03,1.63362e-18,1.47594e-11
47721538458.2,4.450,9.89893e+05,2.23507e+03,1.63057e-18,1.47241e-11
47745933630.8,4.452,9.90728e+05,2.23341e+03,1.62753e-18,1.46889e-11
47770328803.3,4.455,9.91564e+05,2.23174e+03,1.62450e-18,1.46538e-11
47794723975.9,4.457,9.92399e+05,2.23008e+03,1.62148e-18,1.46188e-11
47819119148.4,4.459,9.93235e+05,2.22842e+03,1.61846e-18,1.45840e-11
47843514321.0,4.461,9.94071e+05,2.22676e+03,1.61545e-18,1.45492e-11
47867909493.5,4.464,9.94907e+05,2.22511e+03,1.61245e-18,1.45145e-11
47892304666.0,4.466,9.95743e+05,2.22346e+03,1.60945e-18,1.44800e-11
47916699838.6,4.468,9.96580e+05,2.22180e+03,1.60647e-18,1.44455e-11
47941095011.1,4.471,9.97416e+05,2.22016e+03,1.60349e-18,1.44111e-11
47965490183.7,4.473,9.98252e+05,2.21851e+03,1.60051e-18,1.43769e-11
47989885356.2,4.475,9.99089e+05,2.21687e+03,1.59755e-18,1.43427e-11
48014280528.8,4.477,9.99926e+05,2.21522e+03,1.59459e-18,1.43087e-11
48038675701.3,4.480,1.00076e+06,2.21359e+03,1.59164e-18,1.42748e-11
48063070873.8,4.482,1.00160e+06,2.21195e+03,1.58869e-18,1.42409e-11
48087466046.4,4.484,1.00244e+06,2.21031e+03,1.58576e-18,1.42072e-11
48111861218.9,4.486,1.00327e+06,2.20868e+03,1.58283e-18,1.41735e-11
48136256391.5,4.489,1.00411e+06,2.20705e+03,1.57991e-18,1.41400e-11
48160651564.0,4.491,1.00495e+06,2.20542e+03,1.57699e-18,1.41066e-11
48185046736.6,4.493,1.00579e+06,2.20379e+03,1.57408e-18,1.40732e-11
48209441909.1,4.496,1.00662e+06,2.20217e+03,1.57118e-18,1.40400e-11
48233837081.6,4.498,1.00746e+06,2.20055e+03,1.56829e-18,1.40069e-11
48258232254.2,4.500,1.00830e+06,2.19893e+03,1.56540e-18,1.39738e-11
48282627426.7,4.502,1.00914e+06,2.19731e+03,1.56252e-18,1.39409e-11
48307022599.3,4.505,1.00997e+06,2.19569e+03,1.55965e-18,1.39081e-11
48331417771.8,4.507,1.01081e+06,2.19408e+03,1.55678e-18,1.38753e-11
48355812944.4,4.509,1.01165e+06,2.19247e+03,1.55392e-18,1.38427e-11
48380208116.9,4.511,1.01249e+06,2.19086e+03,1.55107e-18,1.38101e-11
48404603289.4,4.514,1.01333e+06,2.18925e+03,1.54823e-18,1.37777e-11
48428998462.0,4.516,1.01417e+06,2.18765e+03,1.54539e-18,1.37453e-11
48453393634.5,4.518,1.01500e+06,2.18605e+03,1.54256e-18,1.37131e-11
48477788807.1,4.521,1.01584e+06,2.18444e+03,1.53973e-18,1.36809e-11
48502183979.6,4.523,1.01668e+06,2.18285e+03,1.53692e-18,1.36489e-11
48526579152.2,4.525,1.01752e+06,2.18125e+03,1.53410e-18,1.36169e-11
48550974324.7,4.527,1.01836e+06,2.17966e+03,1.53130e-18,1.35850e-11
48575369497.2,4.530,1.01920e+06,2.17806e+03,1.52850e-18,1.35532e-11
48599764669.8,4.532,1.02004e+06,2.17647e+03,1.52571e-18,1.35216e-11
48624159842.3,4.534,1.02088e+06,2.17488e+03,1.52293e-18,1.34900e-11
48648555014.9,4.537,1.02172e+06,2.17330e+03,1.52015e-18,1.34585e-11
48672950187.4,4.539,1.02256e+06,2.17172e+03,1.51738e-18,1.34271e-11
48697345360.0,4.541,1.02339e+06,2.17013e+03,1.51462e-18,1.33958e-11
48721740532.5,4.543,1.02423e+06,2.16855e+03,1.51186e-18,1.33645e-11
48746135705.0,4.546,1.02507e+06,2.16698e+03,1.50911e-18,1.33334e-11
48770530877.6,4.548,1.02591e+06,2.16540e+03,1.50637e-18,1.33024e-11
48794926050.1,4.550,1.02675e+06,2.16383e+03,1.50363e-18,1.32714e-11
48819321222.7,4.552,1.02759e+06,2.16226e+03,1.50090e-18,1.32406e-11
48843716395.2,4.555,1.02843e+06,2.16069e+03,1.49818e-18,1.32098e-11
48868111567.8,4.557,1.02927e+06,2.15912e+03,1.49546e-18,1.31791e-11
48892506740.3,4.559,1.03011e+06,2.15755e+03,1.49275e-18,1.31486e-11
48916901912.8,4.562,1.03096e+06,2.15599e+03,1.49005e-18,1.31181e-11
48941297085.4,4.564,1.03180e+06,2.15443e+03,1.48735e-18,1.30877e-11
48965692257.9,4.566,1.03264e+06,2.15287e+03,1.48466e-18,1.30574e-11
48990087430.5,4.568,1.03348e+06,2.15131e+03,1.48197e-18,1.30272e-11
49014482603.0,4.571,1.03432e+06,2.14976e+03,1.47929e-18,1.29970e-11
49038877775.6,4.573,1.03516e+06,2.14821e+03,1.47662e-18,1.29670e-11
49063272948.1,4.575,1.03600e+06,2.14666e+03,1.47396e-18,1.29370e-11
49087668120.7,4.577,1.03684e+06,2.14511e+03,1.47130e-18,1.29072e-11
49112063293.2,4.580,1.03768e+06,2.14356e+03,1.46864e-18,1.28774e-11
49136458465.7,4.582,1.03852e+06,2.14202e+03,1.46600e-18,1.28477e-11
49160853638.3,4.584,1.03936e+06,2.14047e+03,1.46336e-18,1.28181e-11
49185248810.8,4.587,1.04021e+06,2.13893e+03,1.46072e-18,1.27886e-11
49209643983.4,4.589,1.04105e+06,2.13739e+03,1.45810e-18,1.27591e-11
49234039155.9,4.591,1.04189e+06,2.13586e+03,1.45547e-18,1.27298e-11
49258434328.5,4.593,1.04273e+06,2.13432e+03,1.45286e-18,1.27005e-11
49282829501.0,4.596,1.04357e+06,2.13279e+03,1.45025e-18,1.26713e-11
49307224673.5,4.598,1.04442e+06,2.13126e+03,1.44765e-18,1.26422e-11
49331619846.1,4.600,1.04526e+06,2.12973e+03,1.44505e-18,1.26132e-11
49356015018.6,4.602,1.04610e+06,2.12820e+03,1.44246e-18,1.25843e-11
49380410191.2,4.605,1.04694e+06,2.12668e+03,1.43988e-18,1.25555e-11
49404805363.7,4.607,1.04778e+06,2.12516e+03,1.43730e-18,1.25267e-11
49429200536.3,4.609,1.04863e+06,2.12363e+03,1.43473e-18,1.24981e-11
49453595708.8,4.612,1.04947e+06,2.12212e+03,1.43216e-18,1.24695e-11
49477990881.3,4.614,1.05031e+06,2.12060e+03,1.42960e-18,1.24410e-11
49502386053.9,4.616,1.05115e+06,2.11908e+03,1.42705e-18,1.24125e-11
49526781226.4,4.618,1.05200e+06,2.11757e+03,1.42450e-18,1.23842e-11
49551176399.0,4.621,1.05284e+06,2.11606e+03,1.42196e-18,1.23559e-11
49575571571.5,4.623,1.05368e+06,2.11455e+03,1.41942e-18,1.23278e-11
49599966744.1,4.625,1.05453e+06,2.11305e+03,1.41689e-18,1.22997e-11
49624361916.6,4.627,1.05537e+06,2.11154e+03,1.41437e-18,1.22717e-11
49648757089.1,4.630,1.05621e+06,2.11004e+03,1.41185e-18,1.22437e-11
49673152261.7,4.632,1.05706e+06,2.10854e+03,1.40934e-18,1.22159e-11
49697547434.2,4.634,1.05790e+06,2.10704e+03,1.40683e-18,1.21881e-11
49721942606.8,4.637,1.05874e+06,2.10554e+03,1.40433e-18,1.21604e-11
49746337779.3,4.639,1.05959e+06,2.10404e+03,1.40184e-18,1.21328e-11
49770732951.9,4.641,1.06043e+06,2.10255e+03,1.39935e-18,1.21053e-11
49795128124.4,4.643,1.06128e+06,2.10106e+03,1.39687e-18,1.20778e-11
49819523296.9,4.646,1.06212e+06,2.09957e+03,1.39439e-18,1.20505e-11
49843918469.5,4.648,1.06296e+06,2.09808e+03,1.39192e-18,1.20232e-11
49868313642.0,4.650,1.06381e+06,2.09660e+03,1.38946e-18,1.19959e-11
49892708814.6,4.653,1.06465e+06,2.09511e+03,1.38700e-18,1.19688e-11
49917103987.1,4.655,1.06550e+06,2.09363e+03,1.38454e-18,1.19418e-11
49941499159.7,4.657,1.06634e+06,2.09215e+03,1.38210e-18,1.19148e-11
49965894332.2,4.659,1.06718e+06,2.09067e+03,1.37965e-18,1.18879e-11
49990289504.7,4.662,1.06803e+06,2.08920e+03,1.37722e-18,1.18610e-11
50014684677.3,4.664,1.06887e+06,2.08772e+03,1.37479e-18,1.18343e-11
50039079849.8,4.666,1.06972e+06,2.08625e+03,1.37236e-18,1.18076e-11
50063475022.4,4.668,1.07056e+06,2.08478e+03,1.36994e-18,1.17810e-11
50087870194.9,4.671,1.07141e+06,2.08331e+03,1.36753e-18,1.17545e-11
50112265367.5,4.673,1.07225e+06,2.08185e+03,1.36512e-18,1.17281e-11
50136660540.0,4.675,1.07310e+06,2.08038e+03,1.36272e-18,1.17017e-11
50161055712.5,4.678,1.07394e+06,2.07892e+03,1.36032e-18,1.16754e-11
50185450885.1,4.680,1.07479e+06,2.07746e+03,1.35793e-18,1.16492e-11
50209846057.6,4.682,1.07563e+06,2.07600e+03,1.35555e-18,1.16230e-11
50234241230.2,4.684,1.07648e+06,2.07454e+03,1.35317e-18,1.15970e-11
50258636402.7,4.687,1.07733e+06,2.07309e+03,1.35079e-18,1.15710e-11
50283031575.3,4.689,1.07817e+06,2.07163e+03,1.34842e-18,1.15450e-11
50307426747.8,4.691,1.07902e+06,2.07018e+03,1.34606e-18,1.15192e-11
50331821920.3,4.693,1.07986e+06,2.06873e+03,1.34370e-18,1.14934e-11
50356217092.9,4.696,1.08071e+06,2.06728e+03,1.34135e-18,1.14677e-11
50380612265.4,4.698,1.08156e+06,2.06584e+03,1.33900e-18,1.14421e-11
50405007438.0,4.700,1.08240e+06,2.06439e+03,1.33666e-18,1.14165e-11
50429402610.5,4.703,1.08325e+06,2.06295e+03,1.33433e-18,1.13910e-11
50453797783.1,4.705,1.08409e+06,2.06151e+03,1.33200e-18,1.13656e-11
50478192955.6,4.707,1.08494e+06,2.06007e+03,1.32967e-18,1.13403e-11
50502588128.2,4.709,1.08579e+06,2.05864e+03,1.32735e-18,1.13150e-11
50526983300.7,4.712,1.08663e+06,2.05720e+03,1.32504e-18,1.12898e-11
50551378473.2,4.714,1.08748e+06,2.05577e+03,1.32273e-18,1.12647e-11
50575773645.8,4.716,1.08833e+06,2.05434e+03,1.32042e-18,1.12397e-11
50600168818.3,4.718,1.08917e+06,2.05291e+03,1.31812e-18,1.12147e-11
50624563990.9,4.721,1.09002e+06,2.05148e+03,1.31583e-18,1.11898e-11
50648959163.4,4.723,1.09087e+06,2.05005e+03,1.31354e-18,1.11649e-11
50673354336.0,4.725,1.09171e+06,2.04863e+03,1.31126e-18,1.11402e-11
50697749508.5,4.728,1.09256e+06,2.04721e+03,1.30898e-18,1.11154e-11
50722144681.0,4.730,1.09341e+06,2.04579e+03,1.30671e-18,1.10908e-11
50746539853.6,4.732,1.09426e+06,2.04437e+03,1.30444e-18,1.10663e-11
50770935026.1,4.734,1.09510e+06,2.04295e+03,1.30218e-18,1.10418e-11
50795330198.7,4.737,1.09595e+06,2.04154e+03,1.29993e-18,1.10173e-11
50819725371.2,4.739,1.09680e+06,2.04012e+03,1.29767e-18,1.09930e-11
50844120543.8,4.741,1.09765e+06,2.03871e+03,1.29543e-18,1.09687e-11
50868515716.3,4.744,1.09849e+06,2.03730e+03,1.29319e-18,1.09445e-11
50892910888.8,4.746,1.09934e+06,2.03589e+03,1.29095e-18,1.09203e-11
50917306061.4,4.748,1.10019e+06,2.03449e+03,1.28872e-18,1.08962e-11
50941701233.9,4.750,1.10104e+06,2.03308e+03,1.28650e-18,1.08722e-11
50966096406.5,4.753,1.10189e+06,2.03168e+03,1.28427e-18,1.08483e-11
50990491579.0,4.755,1.10273e+06,2.03028e+03,1.28206e-18,1.08244e-11
51014886751.6,4.757,1.10358e+06,2.02888e+03,1.27985e-18,1.08006e-11
51039281924.1,4.759,1.10443e+06,2.02748e+03,1.27764e-18,1.07768e-11
51063677096.6,4.762,1.10528e+06,2.02609e+03,1.27544e-18,1.07531e-11
51088072269.2,4.764,1.10613e+06,2.02470e+03,1.27325e-18,1.07295e-11
51112467441.7,4.766,1.10698e+06,2.02330e+03,1.27106e-18,1.07060e-11
51136862614.3,4.769,1.10782e+06,2.02191e+03,1.26887e-18,1.06825e-11
51161257786.8,4.771,1.10867e+06,2.02053e+03,1.26669e-18,1.06591e-11
51185652959.4,4.773,1.10952e+06,2.01914e+03,1.26452e-18,1.06357e-11
51210048131.9,4.775,1.11037e+06,2.01775e+03,1.26235e-18,1.06124e-11
51234443304.4,4.778,1.11122e+06,2.01637e+03,1.26018e-18,1.05892e-11
51258838477.0,4.780,1.11207e+06,2.01499e+03,1.25802e-18,1.05660e-11
51283233649.5,4.782,1.11292e+06,2.01361e+03,1.25587e-18,1.05430e-11
51307628822.1,4.784,1.11377e+06,2.01223e+03,1.25372e-18,1.05199e-11
51332023994.6,4.787,1.11462e+06,2.01086e+03,1.25157e-18,1.04970e-11
51356419167.2,4.789,1.11547e+06,2.00948e+03,1.24943e-18,1.04740e-11
51380814339.7,4.791,1.11632e+06,2.00811e+03,1.24729e-18,1.04512e-11
51405209512.2,4.794,1.11717e+06,2.00674e+03,1.24516e-18,1.04284e-11
51429604684.8,4.796,1.11801e+06,2.00537e+03,1.24303e-18,1.04057e-11
51453999857.3,4.798,1.11886e+06,2.00400e+03,1.24091e-18,1.03831e-11
51478395029.9,4.800,1.11971e+06,2.00264e+03,1.23880e-18,1.03605e-11
51502790202.4,4.803,1.12056e+06,2.00127e+03,1.23668e-18,1.03380e-11
51527185375.0,4.805,1.12141e+06,1.99991e+03,1.23458e-18,1.03155e-11
51551580547.5,4.807,1.12226e+06,1.99855e+03,1.23248e-18,1.02931e-11
51575975720.0,4.809,1.12311e+06,1.99719e+03,1.23038e-18,1.02708e-11
51600370892.6,4.812,1.12396e+06,1.99583e+03,1.22828e-18,1.02485e-11
51624766065.1,4.814,1.12481e+06,1.99448e+03,1.22620e-18,1.02263e-11
51649161237.7,4.816,1.12567e+06,1.99312e+03,1.22411e-18,1.02041e-11
51673556410.2,4.819,1.12652e+06,1.99177e+03,1.22203e-18,1.01820e-11
51697951582.8,4.821,1.12737e+06,1.99042e+03,1.21996e-18,1.01600e-11
51722346755.3,4.823,1.12822e+06,1.98907e+03,1.21789e-18,1.01380e-11
51746741927.8,4.825,1.12907e+06,1.98772e+03,1.21583e-18,1.01161e-11
51771137100.4,4.828,1.12992e+06,1.98638e+03,1.21377e-18,1.00942e-11
51795532272.9,4.830,1.13077e+06,1.98503e+03,1.21171e-18,1.00724e-11
51819927445.5,4.832,1.13162e+06,1.98369e+03,1.20966e-18,1.00507e-11
51844322618.0,4.835,1.13247e+06,1.98235e+03,1.20761e-18,1.00290e-11
51868717790.6,4.837,1.13332e+06,1.98101e+03,1.20557e-18,1.00074e-11
51893112963.1,4.839,1.13417e+06,1.97968e+03,1.20353e-18,9.98587e-12
51917508135.6,4.841,1.13502e+06,1.97834e+03,1.20150e-18,9.96438e-12
51941903308.2,4.844,1.13588e+06,1.97701e+03,1.19947e-18,9.94294e-12
51966298480.7,4.846,1.13673e+06,1.97568e+03,1.19745e-18,9.92157e-12
51990693653.3,4.848,1.13758e+06,1.97434e+03,1.19543e-18,9.90025e-12
52015088825.8,4.850,1.13843e+06,1.97302e+03,1.19342e-18,9.87899e-12
52039483998.4,4.853,1.13928e+06,1.97169e+03,1.19141e-18,9.85778e-12
52063879170.9,4.855,1.14013e+06,1.97036e+03,1.18940e-18,9.83664e-12
52088274343.5,4.857,1.14099e+06,1.96904e+03,1.18740e-18,9.81555e-12
52112669516.0,4.860,1.14184e+06,1.96772e+03,1.18540e-18,9.79452e-12
52137064688.5,4.862,1.14269e+06,1.96640e+03,1.18341e-18,9.77355e-12
52161459861.1,4.864,1.14354e+06,1.96508e+03,1.18142e-18,9.75263e-12
52185855033.6,4.866,1.14439e+06,1.96376e+03,1.17944e-18,9.73177e-12
52210250206.2,4.869,1.14525e+06,1.96245e+03,1.17746e-18,9.71097e-12
52234645378.7,4.871,1.14610e+06,1.96113e+03,1.17549e-18,9.69023e-12
52259040551.3,4.873,1.14695e+06,1.95982e+03,1.17352e-18,9.66954e-12
52283435723.8,4.875,1.14780e+06,1.95851e+03,1.17155e-18,9.64891e-12
52307830896.3,4.878,1.14865e+06,1.95720e+03,1.16959e-18,9.62833e-12
52332226068.9,4.880,1.14951e+06,1.95589e+03,1.16763e-18,9.60781e-12
52356621241.4,4.882,1.15036e+06,1.95459e+03,1.16568e-18,9.58734e-12
52381016414.0,4.885,1.15121e+06,1.95328e+03,1.16373e-18,9.56693e-12
52405411586.5,4.887,1.15207e+06,1.95198e+03,1.16179e-18,9.54658e-12
52429806759.1,4.889,1.15292e+06,1.95068e+03,1.15985e-18,9.52628e-12
52454201931.6,4.891,1.15377e+06,1.94938e+03,1.15792e-18,9.50604e-12
52478597104.1,4.894,1.15462e+06,1.94808e+03,1.15598e-18,9.48585e-12
52502992276.7,4.896,1.15548e+06,1.94678e+03,1.15406e-18,9.46571e-12
52527387449.2,4.898,1.15633e+06,1.94549e+03,1.15214e-18,9.44563e-12
52551782621.8,4.900,1.15718e+06,1.94420e+03,1.15022e-18,9.42560e-12
52576177794.3,4.903,1.15804e+06,1.94290e+03,1.14830e-18,9.40563e-12
52600572966.9,4.905,1.15889e+06,1.94161e+03,1.14639e-18,9.38571e-12
52624968139.4,4.907,1.15974e+06,1.94033e+03,1.14449e-18,9.36585e-12
52649363311.9,4.910,1.16060e+06,1.93904e+03,1.14259e-18,9.34603e-12
52673758484.5,4.912,1.16145e+06,1.93775e+03,1.14069e-18,9.32628e-12
52698153657.0,4.914,1.16230e+06,1.93647e+03,1.13880e-18,9.30657e-12
52722548829.6,4.916,1.16316e+06,1.93519e+03,1.13691e-18,9.28692e-12
52746944002.1,4.919,1.16401e+06,1.93391e+03,1.13502e-18,9.26732e-12
52771339174.7,4.921,1.16487e+06,1.93263e+03,1.13314e-18,9.24777e-12
52795734347.2,4.923,1.16572e+06,1.93135e+03,1.13127e-18,9.22828e-12
52820129519.7,4.926,1.16657e+06,1.93008e+03,1.12940e-18,9.20883e-12
52844524692.3,4.928,1.16743e+06,1.92880e+03,1.12753e-18,9.18944e-12
52868919864.8,4.930,1.16828e+06,1.92753e+03,1.12566e-18,9.17011e-12
52893315037.4,4.932,1.16914e+06,1.92626e+03,1.12380e-18,9.15082e-12
52917710209.9,4.935,1.16999e+06,1.92499e+03,1.12195e-18,9.13158e-12
52942105382.5,4.937,1.17084e+06,1.92372e+03,1.12010e-18,9.11240e-12
52966500555.0,4.939,1.17170e+06,1.92245e+03,1.11825e-18,9.09327e-12
52990895727.5,4.941,1.17255e+06,1.92119e+03,1.11641e-18,9.07419e-12
53015290900.1,4.944,1.17341e+06,1.91993e+03,1.11457e-18,9.05516e-12
53039686072.6,4.946,1.17426e+06,1.91866e+03,1.11273e-18,9.03618e-12
53064081245.2,4.948,1.17512e+06,1.91740e+03,1.11090e-18,9.01725e-12
53088476417.7,4.951,1.17597e+06,1.91615e+03,1.10907e-18,8.99837e-12
53112871590.3,4.953,1.17683e+06,1.91489e+03,1.10725e-18,8.97954e-12
53137266762.8,4.955,1.17768e+06,1.91363e+03,1.10543e-18,8.96077e-12
53161661935.3,4.957,1.17854e+06,1.91238e+03,1.10361e-18,8.94204e-12
53186057107.9,4.960,1.17939e+06,1.91113e+03,1.10180e-18,8.92336e-12
53210452280.4,4.962,1.18025e+06,1.90988e+03,1.09999e-18,8.90473e-12
53234847453.0,4.964,1.18110e+06,1.90863e+03,1.09819e-18,8.88615e-12
53259242625.5,4.966,1.18196e+06,1.90738e+03,1.09639e-18,8.86762e-12
53283637798.1,4.969,1.18281e+06,1.90613e+03,1.09459e-18,8.84914e-12
53308032970.6,4.971,1.18367e+06,1.90489e+03,1.09280e-18,8.83071e-12
53332428143.1,4.973,1.18452e+06,1.90364e+03,1.09101e-18,8.81233e-12
53356823315.7,4.976,1.18538e+06,1.90240e+03,1.08923e-18,8.79400e-12
53381218488.2,4.978,1.18624e+06,1.90116e+03,1.08745e-18,8.77571e-12
53405613660.8,4.980,1.18709e+06,1.89992e+03,1.08567e-18,8.75747e-12
53430008833.3,4.982,1.18795e+06,1.89868e+03,1.08390e-18,8.73928e-12
53454404005.9,4.985,1.18880e+06,1.89745e+03,1.08213e-18,8.72114e-12
53478799178.4,4.987,1.18966e+06,1.89621e+03,1.08037e-18,8.70305e-12
53503194350.9,4.989,1.19051e+06,1.89498e+03,1.07861e-18,8.68501e-12
53527589523.5,4.991,1.19137e+06,1.89375e+03,1.07685e-18,8.66701e-12
53551984696.0,4.994,1.19223e+06,1.89252e+03,1.07510e-18,8.64906e-12
53576379868.6,4.996,1.19308e+06,1.89129e+03,1.07335e-18,8.63116e-12
53600775041.1,4.998,1.19394e+06,1.89006e+03,1.07160e-18,8.61330e-12
53625170213.7,5.001,1.19480e+06,1.88884e+03,1.06986e-18,8.59549e-12
53649565386.2,5.003,1.19565e+06,1.88761e+03,1.06812e-18,8.57773e-12
53673960558.8,5.005,1.19651e+06,1.88639e+03,1.06639e-18,8.56002e-12
53698355731.3,5.007,1.19737e+06,1.88517e+03,1.06465e-18,8.54235e-12
53722750903.8,5.010,1.19822e+06,1.88395e+03,1.06293e-18,8.52473e-12
53747146076.4,5.012,1.19908e+06,1.88273e+03,1.06120e-18,8.50715e-12
53771541248.9,5.014,1.19994e+06,1.88152e+03,1.05948e-18,8.48962e-12
53795936421.5,5.016,1.20079e+06,1.88030e+03,1.05777e-18,8.47214e-12
53820331594.0,5.019,1.20165e+06,1.87909e+03,1.05606e-18,8.45470e-12
53844726766.6,5.021,1.20251e+06,1.87787e+03,1.05435e-18,8.43731e-12
53869121939.1,5.023,1.20336e+06,1.87666e+03,1.05264e-18,8.41996e-12
53893517111.6,5.026,1.20422e+06,1.87545e+03,1.05094e-18,8.40266e-12
53917912284.2,5.028,1.20508e+06,1.87425e+03,1.04924e-18,8.38540e-12
53942307456.7,5.030,1.20593e+06,1.87304e+03,1.04755e-18,8.36819e-12
53966702629.3,5.032,1.20679e+06,1.87183e+03,1.04586e-18,8.35103e-12
53991097801.8,5.035,1.20765e+06,1.87063e+03,1.04417e-18,8.33391e-12
54015492974.4,5.037,1.20851e+06,1.86943e+03,1.04249e-18,8.31683e-12
54039888146.9,5.039,1.20936e+06,1.86823e+03,1.04081e-18,8.29980e-12
54064283319.4,5.042,1.21022e+06,1.86703e+03,1.03913e-18,8.28281e-12
54088678492.0,5.044,1.21108e+06,1.86583e+03,1.03746e-18,8.26587e-12
54113073664.5,5.046,1.21194e+06,1.86463e+03,1.03579e-18,8.24897e-12
54137468837.1,5.048,1.21279e+06,1.86344e+03,1.03413e-18,8.23212e-12
54161864009.6,5.051,1.21365e+06,1.86225e+03,1.03247e-18,8.21530e-12
54186259182.2,5.053,1.21451e+06,1.86105e+03,1.03081e-18,8.19854e-12
54210654354.7,5.055,1.21537e+06,1.85986e+03,1.02915e-18,8.18181e-12
54235049527.2,5.057,1.21623e+06,1.85867e+03,1.02750e-18,8.16513e-12
54259444699.8,5.060,1.21708e+06,1.85749e+03,1.02586e-18,8.14850e-12
54283839872.3,5.062,1.21794e+06,1.85630e+03,1.02421e-18,8.13190e-12
54308235044.9,5.064,1.21880e+06,1.85511e+03,1.02257e-18,8.11535e-12
54332630217.4,5.067,1.21966e+06,1.85393e+03,1.02093e-18,8.09884e-12
54357025390.0,5.069,1.22052e+06,1.85275e+03,1.01930e-18,8.08238e-12
54381420562.5,5.071,1.22138e+06,1.85157e+03,1.01767e-18,8.06596e-12
54405815735.0,5.073,1.22223e+06,1.85039e+03,1.01604e-18,8.04958e-12
54430210907.6,5.076,1.22309e+06,1.84921e+03,1.01442e-18,8.03324e-12
54454606080.1,5.078,1.22395e+06,1.84803e+03,1.01280e-18,8.01694e-12
54479001252.7,5.080,1.22481e+06,1.84686e+03,1.01118e-18,8.00069e-12
54503396425.2,5.082,1.22567e+06,1.84569e+03,1.00957e-18,7.98448e-12
54527791597.8,5.085,1.22653e+06,1.84451e+03,1.00796e-18,7.96831e-12
54552186770.3,5.087,1.22739e+06,1.84334e+03,1.00636e-18,7.95218e-12
54576581942.8,5.089,1.22824e+06,1.84217e+03,1.00475e-18,7.93609e-12
54600977115.4,5.092,1.22910e+06,1.84100e+03,1.00315e-18,7.92005e-12
54625372287.9,5.094,1.22996e+06,1.83984e+03,1.00156e-18,7.90405e-12
54649767460.5,5.096,1.23082e+06,1.83867e+03,9.99967e-19,7.88808e-12
54674162633.0,5.098,1.23168e+06,1.83751e+03,9.98378e-19,7.87216e-12
54698557805.6,5.101,1.23254e+06,1.83635e+03,9.96792e-19,7.85628e-12
54722952978.1,5.103,1.23340e+06,1.83518e+03,9.95210e-19,7.84044e-12
54747348150.6,5.105,1.23426e+06,1.83402e+03,9.93631e-19,7.82464e-12
54771743323.2,5.107,1.23512e+06,1.83287e+03,9.92055e-19,7.80889e-12
54796138495.7,5.110,1.23598e+06,1.83171e+03,9.90483e-19,7.79317e-12
54820533668.3,5.112,1.23684e+06,1.83055e+03,9.88914e-19,7.77749e-12
54844928840.8,5.114,1.23770e+06,1.82940e+03,9.87348e-19,7.76185e-12
54869324013.4,5.117,1.23856e+06,1.82824e+03,9.85786e-19,7.74625e-12
54893719185.9,5.119,1.23942e+06,1.82709e+03,9.84226e-19,7.73070e-12
54918114358.4,5.121,1.24028e+06,1.82594e+03,9.82671e-19,7.71518e-12
54942509531.0,5.123,1.24114e+06,1.82479e+03,9.81118e-19,7.69970e-12
54966904703.5,5.126,1.24199e+06,1.82365e+03,9.79569e-19,7.68426e-12
54991299876.1,5.128,1.24285e+06,1.82250e+03,9.78023e-19,7.66886e-12
55015695048.6,5.130,1.24371e+06,1.82135e+03,9.76480e-19,7.65350e-12
55040090221.2,5.133,1.24457e+06,1.82021e+03,9.74940e-19,7.63818e-12
55064485393.7,5.135,1.24544e+06,1.81907e+03,9.73404e-19,7.62290e-12
55088880566.3,5.137,1.24630e+06,1.81793e+03,9.71871e-19,7.60766e-12
55113275738.8,5.139,1.24716e+06,1.81679e+03,9.70341e-19,7.59246e-12
55137670911.3,5.142,1.24802e+06,1.81565e+03,9.68814e-19,7.57729e-12
55162066083.9,5.144,1.24888e+06,1.81451e+03,9.67290e-19,7.56216e-12
55186461256.4,5.146,1.24974e+06,1.81338e+03,9.65770e-19,7.54708e-12
55210856429.0,5.148,1.25060e+06,1.81224e+03,9.64253e-19,7.53203e-12
55235251601.5,5.151,1.25146e+06,1.81111e+03,9.62739e-19,7.51702e-12
55259646774.1,5.153,1.25232e+06,1.80998e+03,9.61228e-19,7.50204e-12
55284041946.6,5.155,1.25318e+06,1.80885e+03,9.59720e-19,7.48711e-12
55308437119.1,5.158,1.25404e+06,1.80772e+03,9.58216e-19,7.47221e-12
55332832291.7,5.160,1.25490e+06,1.80659e+03,9.56714e-19,7.45735e-12
55357227464.2,5.162,1.25576e+06,1.80547e+03,9.55216e-19,7.44253e-12
55381622636.8,5.164,1.25662e+06,1.80434e+03,9.53721e-19,7.42774e-12
55406017809.3,5.167,1.25748e+06,1.80322e+03,9.52229e-19,7.41300e-12
55430412981.9,5.169,1.25834e+06,1.80209e+03,9.50740e-19,7.39829e-12
55454808154.4,5.171,1.25920e+06,1.80097e+03,9.49254e-19,7.38361e-12
55479203326.9,5.173,1.26007e+06,1.79985e+03,9.47771e-19,7.36898e-12
55503598499.5,5.176,1.26093e+06,1.79874e+03,9.46291e-19,7.35438e-12
55527993672.0,5.178,1.26179e+06,1.79762e+03,9.44815e-19,7.33982e-12
55552388844.6,5.180,1.26265e+06,1.79650e+03,9.43341e-19,7.32529e-12
55576784017.1,5.183,1.26351e+06,1.79539e+03,9.41871e-19,7.31080e-12
55601179189.7,5.185,1.26437e+06,1.79427e+03,9.40403e-19,7.29635e-12
55625574362.2,5.187,1.26523e+06,1.79316e+03,9.38939e-19,7.28194e-12
55649969534.7,5.189,1.26610e+06,1.79205e+03,9.37478e-19,7.26756e-12
55674364707.3,5.192,1.26696e+06,1.79094e+03,9.36019e-19,7.25322e-12
55698759879.8,5.194,1.26782e+06,1.78983e+03,9.34564e-19,7.23891e-12
55723155052.4,5.196,1.26868e+06,1.78873e+03,9.33112e-19,7.22464e-12
55747550224.9,5.198,1.26954e+06,1.78762e+03,9.31662e-19,7.21040e-12
55771945397.5,5.201,1.27040e+06,1.78652e+03,9.30216e-19,7.19620e-12
55796340570.0,5.203,1.27127e+06,1.78542e+03,9.28773e-19,7.18204e-12
55820735742.5,5.205,1.27213e+06,1.78431e+03,9.27332e-19,7.16791e-12
55845130915.1,5.208,1.27299e+06,1.78321e+03,9.25895e-19,7.15382e-12
55869526087.6,5.210,1.27385e+06,1.78211e+03,9.24460e-19,7.13976e-12
55893921260.2,5.212,1.27471e+06,1.78102e+03,9.23029e-19,7.12574e-12
55918316432.7,5.214,1.27558e+06,1.77992e+03,9.21600e-19,7.11175e-12
55942711605.3,5.217,1.27644e+06,1.77882e+03,9.20175e-19,7.09780e-12
55967106777.8,5.219,1.27730e+06,1.77773e+03,9.18752e-19,7.08388e-12
55991501950.3,5.221,1.27816e+06,1.77664e+03,9.17333e-19,7.07000e-12
56015897122.9,5.224,1.27903e+06,1.77555e+03,9.15916e-19,7.05615e-12
56040292295.4,5.226,1.27989e+06,1.77446e+03,9.14502e-19,7.04234e-12
56064687468.0,5.228,1.28075e+06,1.77337e+03,9.13091e-19,7.02856e-12
56089082640.5,5.230,1.28161e+06,1.77228e+03,9.11683e-19,7.01482e-12
56113477813.1,5.233,1.28248e+06,1.77119e+03,9.10278e-19,7.00111e-12
56137872985.6,5.235,1.28334e+06,1.77011e+03,9.08875e-19,6.98743e-12
56162268158.1,5.237,1.28420e+06,1.76902e+03,9.07476e-19,6.97379e-12
56186663330.7,5.239,1.28506e+06,1.76794e+03,9.06079e-19,6.96018e-12
56211058503.2,5.242,1.28593e+06,1.76686e+03,9.04686e-19,6.94660e-12
56235453675.8,5.244,1.28679e+06,1.76578e+03,9.03295e-19,6.93306e-12
56259848848.3,5.246,1.28765e+06,1.76470e+03,9.01907e-19,6.91956e-12
56284244020.9,5.249,1.28852e+06,1.76362e+03,9.00521e-19,6.90608e-12
56308639193.4,5.251,1.28938e+06,1.76255e+03,8.99139e-19,6.89264e-12
56333034365.9,5.253,1.29024e+06,1.76147e+03,8.97760e-19,6.87924e-12
56357429538.5,5.255,1.29110e+06,1.76040e+03,8.96383e-19,6.86586e-12
56381824711.0,5.258,1.29197e+06,1.75933e+03,8.95009e-19,6.85252e-12
56406219883.6,5.260,1.29283e+06,1.75825e+03,8.93638e-19,6.83922e-12
56430615056.1,5.262,1.29369e+06,1.75718e+03,8.92270e-19,6.82594e-12
56455010228.7,5.264,1.29456e+06,1.75611e+03,8.90904e-19,6.81270e-12
56479405401.2,5.267,1.29542e+06,1.75505e+03,8.89541e-19,6.79949e-12
56503800573.7,5.269,1.29628e+06,1.75398e+03,8.88181e-19,6.78632e-12
56528195746.3,5.271,1.29715e+06,1.75292e+03,8.86824e-19,6.77317e-12
56552590918.8,5.274,1.29801e+06,1.75185e+03,8.85470e-19,6.76006e-12
56576986091.4,5.276,1.29888e+06,1.75079e+03,8.84118e-19,6.74698e-12
56601381263.9,5.278,1.29974e+06,1.74973e+03,8.82769e-19,6.73394e-12
56625776436.5,5.280,1.30060e+06,1.74867e+03,8.81423e-19,6.72092e-12
56650171609.0,5.283,1.30147e+06,1.74761e+03,8.80079e-19,6.70794e-12
56674566781.6,5.285,1.30233e+06,1.74655e+03,8.78739e-19,6.69499e-12
56698961954.1,5.287,1.30319e+06,1.74549e+03,8.77401e-19,6.68207e-12
56723357126.6,5.289,1.30406e+06,1.74444e+03,8.76065e-19,6.66919e-12
56747752299.2,5.292,1.30492e+06,1.74338e+03,8.74733e-19,6.65633e-12
56772147471.7,5.294,1.30579e+06,1.74233e+03,8.73403e-19,6.64351e-12
56796542644.3,5.296,1.30665e+06,1.74128e+03,8.72075e-19,6.63072e-12
56820937816.8,5.299,1.30751e+06,1.74023e+03,8.70751e-19,6.61796e-12
56845332989.4,5.301,1.30838e+06,1.73918e+03,8.69429e-19,6.60523e-12
56869728161.9,5.303,1.30924e+06,1.73813e+03,8.68110e-19,6.59253e-12
56894123334.4,5.305,1.31011e+06,1.73708e+03,8.66793e-19,6.57986e-12
56918518507.0,5.308,1.31097e+06,1.73603e+03,8.65479e-19,6.56723e-12
56942913679.5,5.310,1.31184e+06,1.73499e+03,8.64168e-19,6.55462e-12
56967308852.1,5.312,1.31270e+06,1.73395e+03,8.62860e-19,6.54205e-12
56991704024.6,5.315,1.31357e+06,1.73290e+03,8.61554e-19,6.52951e-12
57016099197.2,5.317,1.31443e+06,1.73186e+03,8.60250e-19,6.51699e-12
57040494369.7,5.319,1.31529e+06,1.73082e+03,8.58950e-19,6.50451e-12
57064889542.2,5.321,1.31616e+06,1.72978e+03,8.57652e-19,6.49206e-12
57089284714.8,5.324,1.31702e+06,1.72875e+03,8.56356e-19,6.47964e-12
57113679887.3,5.326,1.31789e+06,1.72771e+03,8.55063e-19,6.46725e-12
57138075059.9,5.328,1.31875e+06,1.72667e+03,8.53773e-19,6.45489e-12
57162470232.4,5.330,1.31962e+06,1.72564e+03,8.52485e-19,6.44256e-12
57186865405.0,5.333,1.32048e+06,1.72461e+03,8.51200e-19,6.43026e-12
57211260577.5,5.335,1.32135e+06,1.72357e+03,8.49918e-19,6.41799e-12
57235655750.0,5.337,1.32221e+06,1.72254e+03,8.48638e-19,6.40575e-12
57260050922.6,5.340,1.32308e+06,1.72151e+03,8.47361e-19,6.39354e-12
57284446095.1,5.342,1.32394e+06,1.72049e+03,8.46086e-19,6.38136e-12
57308841267.7,5.344,1.32481e+06,1.71946e+03,8.44814e-19,6.36920e-12
57333236440.2,5.346,1.32567e+06,1.71843e+03,8.43544e-19,6.35708e-12
57357631612.8,5.349,1.32654e+06,1.71741e+03,8.42277e-19,6.34499e-12
57382026785.3,5.351,1.32740e+06,1.71638e+03,8.41012e-19,6.33293e-12
57406421957.8,5.353,1.32827e+06,1.71536e+03,8.39750e-19,6.32089e-12
57430817130.4,5.355,1.32914e+06,1.71434e+03,8.38490e-19,6.30889e-12
57455212302.9,5.358,1.33000e+06,1.71332e+03,8.37233e-19,6.29691e-12
57479607475.5,5.360,1.33087e+06,1.71230e+03,8.35979e-19,6.28497e-12
57504002648.0,5.362,1.33173e+06,1.71128e+03,8.34727e-19,6.27305e-12
57528397820.6,5.365,1.33260e+06,1.71027e+03,8.33477e-19,6.26116e-12
57552792993.1,5.367,1.33346e+06,1.70925e+03,8.32230e-19,6.24930e-12
57577188165.6,5.369,1.33433e+06,1.70823e+03,8.30985e-19,6.23747e-12
57601583338.2,5.371,1.33519e+06,1.70722e+03,8.29743e-19,6.22566e-12
57625978510.7,5.374,1.33606e+06,1.70621e+03,8.28504e-19,6.21389e-12
57650373683.3,5.376,1.33693e+06,1.70520e+03,8.27267e-19,6.20214e-12
57674768855.8,5.378,1.33779e+06,1.70419e+03,8.26032e-19,6.19043e-12
57699164028.4,5.380,1.33866e+06,1.70318e+03,8.24800e-19,6.17874e-12
57723559200.9,5.383,1.33952e+06,1.70217e+03,8.23570e-19,6.16707e-12
57747954373.4,5.385,1.34039e+06,1.70117e+03,8.22342e-19,6.15544e-12
57772349546.0,5.387,1.34126e+06,1.70016e+03,8.21117e-19,6.14384e-12
57796744718.5,5.390,1.34212e+06,1.69916e+03,8.19895e-19,6.13226e-12
57821139891.1,5.392,1.34299e+06,1.69815e+03,8.18675e-19,6.12071e-12
57845535063.6,5.394,1.34386e+06,1.69715e+03,8.17457e-19,6.10919e-12
57869930236.2,5.396,1.34472e+06,1.69615e+03,8.16242e-19,6.09769e-12
57894325408.7,5.399,1.34559e+06,1.69515e+03,8.15029e-19,6.08623e-12
57918720581.2,5.401,1.34645e+06,1.69415e+03,8.13819e-19,6.07479e-12
57943115753.8,5.403,1.34732e+06,1.69315e+03,8.12611e-19,6.06338e-12
57967510926.3,5.406,1.34819e+06,1.69216e+03,8.11405e-19,6.05199e-12
57991906098.9,5.408,1.34905e+06,1.69116e+03,8.10202e-19,6.04063e-12
58016301271.4,5.410,1.34992e+06,1.69017e+03,8.09001e-19,6.02930e-12
58040696444.0,5.412,1.35079e+06,1.68917e+03,8.07802e-19,6.01800e-12
58065091616.5,5.415,1.35165e+06,1.68818e+03,8.06606e-19,6.00673e-12
58089486789.0,5.417,1.35252e+06,1.68719e+03,8.05412e-19,5.99548e-12
58113881961.6,5.419,1.35339e+06,1.68620e+03,8.04221e-19,5.98426e-12
58138277134.1,5.421,1.35425e+06,1.68521e+03,8.03032e-19,5.97306e-12
58162672306.7,5.424,1.35512e+06,1.68422e+03,8.01845e-19,5.96189e-12
58187067479.2,5.426,1.35599e+06,1.68324e+03,8.00661e-19,5.95075e-12
58211462651.8,5.428,1.35686e+06,1.68225e+03,7.99478e-19,5.93963e-12
58235857824.3,5.431,1.35772e+06,1.68127e+03,7.98299e-19,5.92855e-12
58260252996.9,5.433,1.35859e+06,1.68028e+03,7.97121e-19,5.91748e-12
58284648169.4,5.435,1.35946e+06,1.67930e+03,7.95946e-19,5.90645e-12
58309043341.9,5.437,1.36032e+06,1.67832e+03,7.94773e-19,5.89544e-12
58333438514.5,5.440,1.36119e+06,1.67734e+03,7.93603e-19,5.88445e-12
58357833687.0,5.442,1.36206e+06,1.67636e+03,7.92434e-19,5.87350e-12
58382228859.6,5.444,1.36293e+06,1.67539e+03,7.91268e-19,5.86257e-12
58406624032.1,5.446,1.36379e+06,1.67441e+03,7.90105e-19,5.85166e-12
58431019204.7,5.449,1.36466e+06,1.67343e+03,7.88943e-19,5.84078e-12
58455414377.2,5.451,1.36553e+06,1.67246e+03,7.87784e-19,5.82993e-12
58479809549.7,5.453,1.36639e+06,1.67148e+03,7.86627e-19,5.81910e-12
58504204722.3,5.456,1.36726e+06,1.67051e+03,7.85473e-19,5.80830e-12
58528599894.8,5.458,1.36813e+06,1.66954e+03,7.84321e-19,5.79752e-12
58552995067.4,5.460,1.36900e+06,1.66857e+03,7.83170e-19,5.78677e-12
58577390239.9,5.462,1.36987e+06,1.66760e+03,7.82023e-19,5.77604e-12
58601785412.5,5.465,1.37073e+06,1.66663e+03,7.80877e-19,5.76534e-12
58626180585.0,5.467,1.37160e+06,1.66567e+03,7.79734e-19,5.75467e-12
58650575757.5,5.469,1.37247e+06,1.66470e+03,7.78593e-19,5.74402e-12
58674970930.1,5.471,1.37334e+06,1.66374e+03,7.77454e-19,5.73339e-12
58699366102.6,5.474,1.37420e+06,1.66277e+03,7.76317e-19,5.72279e-12
58723761275.2,5.476,1.37507e+06,1.66181e+03,7.75183e-19,5.71222e-12
58748156447.7,5.478,1.37594e+06,1.66085e+03,7.74050e-19,5.70167e-12
58772551620.3,5.481,1.37681e+06,1.65989e+03,7.72920e-19,5.69114e-12
58796946792.8,5.483,1.37768e+06,1.65893e+03,7.71792e-19,5.68064e-12
58821341965.3,5.485,1.37854e+06,1.65797e+03,7.70667e-19,5.67017e-12
58845737137.9,5.487,1.37941e+06,1.65701e+03,7.69543e-19,5.65972e-12
58870132310.4,5.490,1.38028e+06,1.65605e+03,7.68422e-19,5.64929e-12
58894527483.0,5.492,1.38115e+06,1.65510e+03,7.67303e-19,5.63889e-12
58918922655.5,5.494,1.38202e+06,1.65415e+03,7.66186e-19,5.62851e-12
58943317828.1,5.496,1.38289e+06,1.65319e+03,7.65071e-19,5.61816e-12
58967713000.6,5.499,1.38375e+06,1.65224e+03,7.63958e-19,5.60783e-12
58992108173.1,5.501,1.38462e+06,1.65129e+03,7.62848e-19,5.59753e-12
59016503345.7,5.503,1.38549e+06,1.65034e+03,7.61740e-19,5.58725e-12
59040898518.2,5.506,1.38636e+06,1.64939e+03,7.60633e-19,5.57699e-12
59065293690.8,5.508,1.38723e+06,1.64844e+03,7.59529e-19,5.56676e-12
59089688863.3,5.510,1.38810e+06,1.64749e+03,7.58428e-19,5.55655e-12
59114084035.9,5.512,1.38897e+06,1.64655e+03,7.57328e-19,5.54637e-12
59138479208.4,5.515,1.38983e+06,1.64560e+03,7.56230e-19,5.53621e-12
59162874380.9,5.517,1.39070e+06,1.64466e+03,7.55135e-19,5.52607e-12
59187269553.5,5.519,1.39157e+06,1.64372e+03,7.54041e-19,5.51596e-12
59211664726.0,5.522,1.39244e+06,1.64277e+03,7.52950e-19,5.50587e-12
59236059898.6,5.524,1.39331e+06,1.64183e+03,7.51861e-19,5.49580e-12
59260455071.1,5.526,1.39418e+06,1.64089e+03,7.50774e-19,5.48576e-12
59284850243.7,5.528,1.39505e+06,1.63996e+03,7.49689e-19,5.47574e-12
59309245416.2,5.531,1.39592e+06,1.63902e+03,7.48606e-19,5.46574e-12
59333640588.7,5.533,1.39679e+06,1.63808e+03,7.47525e-19,5.45577e-12
59358035761.3,5.535,1.39765e+06,1.63715e+03,7.46446e-19,5.44582e-12
59382430933.8,5.537,1.39852e+06,1.63621e+03,7.45369e-19,5.43590e-12
59406826106.4,5.540,1.39939e+06,1.63528e+03,7.44295e-19,5.42600e-12
59431221278.9,5.542,1.40026e+06,1.63434e+03,7.43222e-19,5.41612e-12
59455616451.5,5.544,1.40113e+06,1.63341e+03,7.42152e-19,5.40626e-12
59480011624.0,5.547,1.40200e+06,1.63248e+03,7.41083e-19,5.39642e-12
59504406796.5,5.549,1.40287e+06,1.63155e+03,7.40017e-19,5.38661e-12
59528801969.1,5.551,1.40374e+06,1.63062e+03,7.38953e-19,5.37683e-12
59553197141.6,5.553,1.40461e+06,1.62970e+03,7.37890e-19,5.36706e-12
59577592314.2,5.556,1.40548e+06,1.62877e+03,7.36830e-19,5.35732e-12
59601987486.7,5.558,1.40635e+06,1.62784e+03,7.35772e-19,5.34760e-12
59626382659.3,5.560,1.40722e+06,1.62692e+03,7.34716e-19,5.33790e-12
59650777831.8,5.562,1.40809e+06,1.62600e+03,7.33661e-19,5.32822e-12
59675173004.3,5.565,1.40896e+06,1.62507e+03,7.32609e-19,5.31857e-12
59699568176.9,5.567,1.40983e+06,1.62415e+03,7.31559e-19,5.30894e-12
59723963349.4,5.569,1.41070e+06,1.62323e+03,7.30511e-19,5.29933e-12
59748358522.0,5.572,1.41157e+06,1.62231e+03,7.29465e-19,5.28975e-12
59772753694.5,5.574,1.41243e+06,1.62139e+03,7.28421e-19,5.28018e-12
59797148867.1,5.576,1.41330e+06,1.62048e+03,7.27378e-19,5.27064e-12
59821544039.6,5.578,1.41417e+06,1.61956e+03,7.26338e-19,5.26112e-12
59845939212.2,5.581,1.41504e+06,1.61864e+03,7.25300e-19,5.25162e-12
59870334384.7,5.583,1.41591e+06,1.61773e+03,7.24264e-19,5.24215e-12
59894729557.2,5.585,1.41678e+06,1.61682e+03,7.23230e-19,5.23269e-12
59919124729.8,5.587,1.41765e+06,1.61590e+03,7.22197e-19,5.22326e-12
59943519902.3,5.590,1.41852e+06,1.61499e+03,7.21167e-19,5.21385e-12
59967915074.9,5.592,1.41939e+06,1.61408e+03,7.20139e-19,5.20446e-12
59992310247.4,5.594,1.42026e+06,1.61317e+03,7.19112e-19,5.19509e-12
60016705420.0,5.597,1.42114e+06,1.61226e+03,7.18088e-19,5.18575e-12
60041100592.5,5.599,1.42201e+06,1.61136e+03,7.17065e-19,5.17642e-12
60065495765.0,5.601,1.42288e+06,1.61045e+03,7.16045e-19,5.16712e-12
60089890937.6,5.603,1.42375e+06,1.60954e+03,7.15026e-19,5.15784e-12
60114286110.1,5.606,1.42462e+06,1.60864e+03,7.14009e-19,5.14858e-12
60138681282.7,5.608,1.42549e+06,1.60773e+03,7.12995e-19,5.13934e-12
60163076455.2,5.610,1.42636e+06,1.60683e+03,7.11982e-19,5.13012e-12
60187471627.8,5.613,1.42723e+06,1.60593e+03,7.10971e-19,5.12092e-12
60211866800.3,5.615,1.42810e+06,1.60503e+03,7.09962e-19,5.11174e-12
60236261972.8,5.617,1.42897e+06,1.60413e+03,7.08955e-19,5.10259e-12
60260657145.4,5.619,1.42984e+06,1.60323e+03,7.07950e-19,5.09346e-12
60285052317.9,5.622,1.43071e+06,1.60233e+03,7.06946e-19,5.08434e-12
60309447490.5,5.624,1.43158e+06,1.60144e+03,7.05945e-19,5.07525e-12
60333842663.0,5.626,1.43245e+06,1.60054e+03,7.04945e-19,5.06618e-12
60358237835.6,5.628,1.43332e+06,1.59964e+03,7.03948e-19,5.05713e-12
60382633008.1,5.631,1.43419e+06,1.59875e+03,7.02952e-19,5.04810e-12
60407028180.6,5.633,1.43506e+06,1.59786e+03,7.01958e-19,5.03909e-12
60431423353.2,5.635,1.43593e+06,1.59697e+03,7.00966e-19,5.03010e-12
60455818525.7,5.638,1.43681e+06,1.59607e+03,6.99976e-19,5.02113e-12
60480213698.3,5.640,1.43768e+06,1.59518e+03,6.98988e-19,5.01218e-12
60504608870.8,5.642,1.43855e+06,1.59429e+03,6.98001e-19,5.00325e-12
60529004043.4,5.644,1.43942e+06,1.59341e+03,6.97017e-19,4.99435e-12
60553399215.9,5.647,1.44029e+06,1.59252e+03,6.96034e-19,4.98546e-12
60577794388.4,5.649,1.44116e+06,1.59163e+03,6.95053e-19,4.97659e-12
60602189561.0,5.651,1.44203e+06,1.59075e+03,6.94074e-19,4.96774e-12
60626584733.5,5.653,1.44290e+06,1.58986e+03,6.93097e-19,4.95892e-12
60650979906.1,5.656,1.44377e+06,1.58898e+03,6.92122e-19,4.95011e-12
60675375078.6,5.658,1.44465e+06,1.58810e+03,6.91148e-19,4.94132e-12
60699770251.2,5.660,1.44552e+06,1.58721e+03,6.90176e-19,4.93256e-12
60724165423.7,5.663,1.44639e+06,1.58633e+03,6.89207e-19,4.92381e-12
60748560596.2,5.665,1.44726e+06,1.58545e+03,6.88239e-19,4.91508e-12
60772955768.8,5.667,1.44813e+06,1.58457e+03,6.87272e-19,4.90638e-12
60797350941.3,5.669,1.44900e+06,1.58370e+03,6.86308e-19,4.89769e-12
60821746113.9,5.672,1.44987e+06,1.58282e+03,6.85345e-19,4.88902e-12
60846141286.4,5.674,1.45074e+06,1.58194e+03,6.84384e-19,4.88037e-12
60870536459.0,5.676,1.45162e+06,1.58107e+03,6.83425e-19,4.87174e-12
60894931631.5,5.678,1.45249e+06,1.58019e+03,6.82468e-19,4.86313e-12
60919326804.0,5.681,1.45336e+06,1.57932e+03,6.81513e-19,4.85454e-12
60943721976.6,5.683,1.45423e+06,1.57845e+03,6.80559e-19,4.84597e-12
60968117149.1,5.685,1.45510e+06,1.57758e+03,6.79607e-19,4.83742e-12
60992512321.7,5.688,1.45597e+06,1.57671e+03,6.78657e-19,4.82889e-12
61016907494.2,5.690,1.45685e+06,1.57584e+03,6.77709e-19,4.82037e-12
61041302666.8,5.692,1.45772e+06,1.57497e+03,6.76762e-19,4.81188e-12
61065697839.3,5.694,1.45859e+06,1.57410e+03,6.75817e-19,4.80341e-12
61090093011.8,5.697,1.45946e+06,1.57323e+03,6.74874e-19,4.79495e-12
61114488184.4,5.699,1.46033e+06,1.57237e+03,6.73933e-19,4.78651e-12
61138883356.9,5.701,1.46121e+06,1.57150e+03,6.72993e-19,4.77810e-12
61163278529.5,5.704,1.46208e+06,1.57064e+03,6.72056e-19,4.76970e-12
61187673702.0,5.706,1.46295e+06,1.56977e+03,6.71120e-19,4.76132e-12
61212068874.6,5.708,1.46382e+06,1.56891e+03,6.70185e-19,4.75296e-12
61236464047.1,5.710,1.46469e+06,1.56805e+03,6.69253e-19,4.74461e-12
61260859219.7,5.713,1.46557e+06,1.56719e+03,6.68322e-19,4.73629e-12
61285254392.2,5.715,1.46644e+06,1.56633e+03,6.67393e-19,4.72799e-12
61309649564.7,5.717,1.46731e+06,1.56547e+03,6.66465e-19,4.71970e-12
61334044737.3,5.719,1.46818e+06,1.56461e+03,6.65540e-19,4.71143e-12
61358439909.8,5.722,1.46906e+06,1.56376e+03,6.64616e-19,4.70318e-12
61382835082.4,5.724,1.46993e+06,1.56290e+03,6.63693e-19,4.69495e-12
61407230254.9,5.726,1.47080e+06,1.56205e+03,6.62773e-19,4.68674e-12
61431625427.5,5.729,1.47167e+06,1.56119e+03,6.61854e-19,4.67854e-12
61456020600.0,5.731,1.47254e+06,1.56034e+03,6.60937e-19,4.67037e-12
61480415772.5,5.733,1.47342e+06,1.55949e+03,6.60021e-19,4.66221e-12
61504810945.1,5.735,1.47429e+06,1.55864e+03,6.59107e-19,4.65407e-12
61529206117.6,5.738,1.47516e+06,1.55778e+03,6.58195e-19,4.64595e-12
61553601290.2,5.740,1.47603e+06,1.55694e+03,6.57285e-19,4.63785e-12
61577996462.7,5.742,1.47691e+06,1.55609e+03,6.56376e-19,4.62976e-12
61602391635.3,5.744,1.47778e+06,1.55524e+03,6.55469e-19,4.62170e-12
61626786807.8,5.747,1.47865e+06,1.55439e+03,6.54564e-19,4.61365e-12
61651181980.3,5.749,1.47953e+06,1.55355e+03,6.53660e-19,4.60562e-12
61675577152.9,5.751,1.48040e+06,1.55270e+03,6.52758e-19,4.59760e-12
61699972325.4,5.754,1.48127e+06,1.55186e+03,6.51858e-19,4.58961e-12
61724367498.0,5.756,1.48214e+06,1.55101e+03,6.50959e-19,4.58163e-12
61748762670.5,5.758,1.48302e+06,1.55017e+03,6.50062e-19,4.57367e-12
61773157843.1,5.760,1.48389e+06,1.54933e+03,6.49166e-19,4.56573e-12
61797553015.6,5.763,1.48476e+06,1.54849e+03,6.48273e-19,4.55780e-12
61821948188.1,5.765,1.48564e+06,1.54765e+03,6.47381e-19,4.54989e-12
61846343360.7,5.767,1.48651e+06,1.54681e+03,6.46490e-19,4.54200e-12
61870738533.2,5.769,1.48738e+06,1.54597e+03,6.45601e-19,4.53413e-12
61895133705.8,5.772,1.48825e+06,1.54513e+03,6.44714e-19,4.52628e-12
61919528878.3,5.774,1.48913e+06,1.54430e+03,6.43828e-19,4.51844e-12
61943924050.9,5.776,1.49000e+06,1.54346e+03,6.42944e-19,4.51062e-12
61968319223.4,5.779,1.49087e+06,1.54263e+03,6.42062e-19,4.50282e-12
61992714395.9,5.781,1.49175e+06,1.54179e+03,6.41181e-19,4.49503e-12
62017109568.5,5.783,1.49262e+06,1.54096e+03,6.40302e-19,4.48726e-12
62041504741.0,5.785,1.49349e+06,1.54013e+03,6.39424e-19,4.47951e-12
62065899913.6,5.788,1.49437e+06,1.53930e+03,6.38549e-19,4.47178e-12
62090295086.1,5.790,1.49524e+06,1.53847e+03,6.37674e-19,4.46406e-12
62114690258.7,5.792,1.49611e+06,1.53764e+03,6.36801e-19,4.45636e-12
62139085431.2,5.795,1.49699e+06,1.53681e+03,6.35930e-19,4.44868e-12
62163480603.7,5.797,1.49786e+06,1.53598e+03,6.35061e-19,4.44101e-12
62187875776.3,5.799,1.49873e+06,1.53515e+03,6.34193e-19,4.43336e-12
62212270948.8,5.801,1.49961e+06,1.53433e+03,6.33326e-19,4.42573e-12
62236666121.4,5.804,1.50048e+06,1.53350e+03,6.32462e-19,4.41812e-12
62261061293.9,5.806,1.50135e+06,1.53268e+03,6.31598e-19,4.41052e-12
62285456466.5,5.808,1.50223e+06,1.53185e+03,6.30737e-19,4.40293e-12
62309851639.0,5.810,1.50310e+06,1.53103e+03,6.29877e-19,4.39537e-12
62334246811.5,5.813,1.50398e+06,1.53021e+03,6.29018e-19,4.38782e-12
62358641984.1,5.815,1.50485e+06,1.52939e+03,6.28161e-19,4.38029e-12
62383037156.6,5.817,1.50572e+06,1.52857e+03,6.27306e-19,4.37277e-12
62407432329.2,5.820,1.50660e+06,1.52775e+03,6.26452e-19,4.36527e-12
62431827501.7,5.822,1.50747e+06,1.52693e+03,6.25599e-19,4.35779e-12
62456222674.3,5.824,1.50834e+06,1.52611e+03,6.24749e-19,4.35032e-12
62480617846.8,5.826,1.50922e+06,1.52530e+03,6.23899e-19,4.34287e-12
62505013019.3,5.829,1.51009e+06,1.52448e+03,6.23052e-19,4.33544e-12
62529408191.9,5.831,1.51097e+06,1.52367e+03,6.22206e-19,4.32802e-12
62553803364.4,5.833,1.51184e+06,1.52285e+03,6.21361e-19,4.32062e-12
62578198537.0,5.835,1.51271e+06,1.52204e+03,6.20518e-19,4.31323e-12
62602593709.5,5.838,1.51359e+06,1.52123e+03,6.19676e-19,4.30587e-12
62626988882.1,5.840,1.51446e+06,1.52042e+03,6.18836e-19,4.29851e-12
62651384054.6,5.842,1.51534e+06,1.51960e+03,6.17998e-19,4.29118e-12
62675779227.1,5.845,1.51621e+06,1.51879e+03,6.17161e-19,4.28386e-12
62700174399.7,5.847,1.51708e+06,1.51799e+03,6.16325e-19,4.27655e-12
62724569572.2,5.849,1.51796e+06,1.51718e+03,6.15491e-19,4.26926e-12
62748964744.8,5.851,1.51883e+06,1.51637e+03,6.14659e-19,4.26199e-12
62773359917.3,5.854,1.51971e+06,1.51556e+03,6.13828e-19,4.25473e-12
62797755089.9,5.856,1.52058e+06,1.51476e+03,6.12998e-19,4.24749e-12
62822150262.4,5.858,1.52146e+06,1.51395e+03,6.12170e-19,4.24026e-12
62846545435.0,5.860,1.52233e+06,1.51315e+03,6.11344e-19,4.23305e-12
62870940607.5,5.863,1.52320e+06,1.51235e+03,6.10519e-19,4.22586e-12
62895335780.0,5.865,1.52408e+06,1.51154e+03,6.09695e-19,4.21868e-12
62919730952.6,5.867,1.52495e+06,1.51074e+03,6.08873e-19,4.21152e-12
62944126125.1,5.870,1.52583e+06,1.50994e+03,6.08053e-19,4.20437e-12
62968521297.7,5.872,1.52670e+06,1.50914e+03,6.07234e-19,4.19724e-12
62992916470.2,5.874,1.52758e+06,1.50834e+03,6.06416e-19,4.19012e-12
63017311642.8,5.876,1.52845e+06,1.50754e+03,6.05600e-19,4.18302e-12
63041706815.3,5.879,1.52933e+06,1.50675e+03,6.04785e-19,4.17593e-12
63066101987.8,5.881,1.53020e+06,1.50595e+03,6.03972e-19,4.16886e-12
63090497160.4,5.883,1.53108e+06,1.50515e+03,6.03160e-19,4.16181e-12
63114892332.9,5.885,1.53195e+06,1.50436e+03,6.02350e-19,4.15477e-12
63139287505.5,5.888,1.53282e+06,1.50356e+03,6.01541e-19,4.14774e-12
63163682678.0,5.890,1.53370e+06,1.50277e+03,6.00734e-19,4.14073e-12
63188077850.6,5.892,1.53457e+06,1.50198e+03,5.99928e-19,4.13374e-12
63212473023.1,5.895,1.53545e+06,1.50119e+03,5.99123e-19,4.12676e-12
63236868195.6,5.897,1.53632e+06,1.50039e+03,5.98320e-19,4.11979e-12
63261263368.2,5.899,1.53720e+06,1.49960e+03,5.97519e-19,4.11285e-12
63285658540.7,5.901,1.53807e+06,1.49881e+03,5.96719e-19,4.10591e-12
63310053713.3,5.904,1.53895e+06,1.49803e+03,5.95920e-19,4.09899e-12
63334448885.8,5.906,1.53982e+06,1.49724e+03,5.95122e-19,4.09209e-12
63358844058.4,5.908,1.54070e+06,1.49645e+03,5.94326e-19,4.08520e-12
63383239230.9,5.911,1.54157e+06,1.49566e+03,5.93532e-19,4.07832e-12
63407634403.4,5.913,1.54245e+06,1.49488e+03,5.92739e-19,4.07146e-12
63432029576.0,5.915,1.54332e+06,1.49409e+03,5.91947e-19,4.06462e-12
63456424748.5,5.917,1.54420e+06,1.49331e+03,5.91157e-19,4.05779e-12
63480819921.1,5.920,1.54507e+06,1.49253e+03,5.90368e-19,4.05097e-12
63505215093.6,5.922,1.54595e+06,1.49175e+03,5.89581e-19,4.04417e-12
63529610266.2,5.924,1.54682e+06,1.49096e+03,5.88795e-19,4.03738e-12
63554005438.7,5.926,1.54770e+06,1.49018e+03,5.88010e-19,4.03061e-12
63578400611.2,5.929,1.54857e+06,1.48940e+03,5.87227e-19,4.02385e-12
63602795783.8,5.931,1.54945e+06,1.48863e+03,5.86445e-19,4.01711e-12
63627190956.3,5.933,1.55033e+06,1.48785e+03,5.85664e-19,4.01038e-12
63651586128.9,5.936,1.55120e+06,1.48707e+03,5.84885e-19,4.00367e-12
63675981301.4,5.938,1.55208e+06,1.48629e+03,5.84108e-19,3.99697e-12
63700376474.0,5.940,1.55295e+06,1.48552e+03,5.83331e-19,3.99028e-12
63724771646.5,5.942,1.55383e+06,1.48474e+03,5.82556e-19,3.98361e-12
63749166819.0,5.945,1.55470e+06,1.48397e+03,5.81783e-19,3.97695e-12
63773561991.6,5.947,1.55558e+06,1.48319e+03,5.81011e-19,3.97031e-12
63797957164.1,5.949,1.55645e+06,1.48242e+03,5.80240e-19,3.96368e-12
63822352336.7,5.951,1.55733e+06,1.48165e+03,5.79470e-19,3.95707e-12
63846747509.2,5.954,1.55820e+06,1.48088e+03,5.78702e-19,3.95047e-12
63871142681.8,5.956,1.55908e+06,1.48011e+03,5.77935e-19,3.94388e-12
63895537854.3,5.958,1.55996e+06,1.47934e+03,5.77170e-19,3.93731e-12
63919933026.8,5.961,1.56083e+06,1.47857e+03,5.76406e-19,3.93075e-12
63944328199.4,5.963,1.56171e+06,1.47780e+03,5.75643e-19,3.92421e-12
63968723371.9,5.965,1.56258e+06,1.47703e+03,5.74882e-19,3.91768e-12
63993118544.5,5.967,1.56346e+06,1.47627e+03,5.74122e-19,3.91116e-12
64017513717.0,5.970,1.56433e+06,1.47550e+03,5.73363e-19,3.90466e-12
64041908889.6,5.972,1.56521e+06,1.47474e+03,5.72606e-19,3.89817e-12
64066304062.1,5.974,1.56609e+06,1.47397e+03,5.71850e-19,3.89169e-12
64090699234.6,5.976,1.56696e+06,1.47321e+03,5.71095e-19,3.88523e-12
64115094407.2,5.979,1.56784e+06,1.47245e+03,5.70342e-19,3.87879e-12
64139489579.7,5.981,1.56871e+06,1.47168e+03,5.69590e-19,3.87235e-12
64163884752.3,5.983,1.56959e+06,1.47092e+03,5.68839e-19,3.86593e-12
64188279924.8,5.986,1.57047e+06,1.47016e+03,5.68090e-19,3.85953e-12
64212675097.4,5.988,1.57134e+06,1.46940e+03,5.67342e-19,3.85313e-12
64237070269.9,5.990,1.57222e+06,1.46864e+03,5.66595e-19,3.84675e-12
64261465442.4,5.992,1.57309e+06,1.46789e+03,5.65850e-19,3.84039e-12
64285860615.0,5.995,1.57397e+06,1.46713e+03,5.65106e-19,3.83403e-12
64310255787.5,5.997,1.57485e+06,1.46637e+03,5.64363e-19,3.82770e-12
64334650960.1,5.999,1.57572e+06,1.46562e+03,5.63621e-19,3.82137e-12
64359046132.6,6.002,1.57660e+06,1.46486e+03,5.62881e-19,3.81506e-12
64383441305.2,6.004,1.57748e+06,1.46411e+03,5.62142e-19,3.80876e-12
64407836477.7,6.006,1.57835e+06,1.46335e+03,5.61405e-19,3.80247e-12
64432231650.3,6.008,1.57923e+06,1.46260e+03,5.60668e-19,3.79620e-12
64456626822.8,6.011,1.58010e+06,1.46185e+03,5.59933e-19,3.78994e-12
64481021995.3,6.013,1.58098e+06,1.46110e+03,5.59200e-19,3.78370e-12
64505417167.9,6.015,1.58186e+06,1.46035e+03,5.58467e-19,3.77746e-12
64529812340.4,6.017,1.58273e+06,1.45960e+03,5.57736e-19,3.77124e-12
64554207513.0,6.020,1.58361e+06,1.45885e+03,5.57006e-19,3.76504e-12
64578602685.5,6.022,1.58449e+06,1.45810e+03,5.56277e-19,3.75884e-12
64602997858.1,6.024,1.58536e+06,1.45735e+03,5.55550e-19,3.75266e-12
64627393030.6,6.027,1.58624e+06,1.45661e+03,5.54824e-19,3.74649e-12
64651788203.1,6.029,1.58712e+06,1.45586e+03,5.54099e-19,3.74034e-12
64676183375.7,6.031,1.58799e+06,1.45511e+03,5.53376e-19,3.73420e-12
64700578548.2,6.033,1.58887e+06,1.45437e+03,5.52653e-19,3.72807e-12
64724973720.8,6.036,1.58975e+06,1.45363e+03,5.51932e-19,3.72195e-12
64749368893.3,6.038,1.59062e+06,1.45288e+03,5.51213e-19,3.71585e-12
64773764065.9,6.040,1.59150e+06,1.45214e+03,5.50494e-19,3.70976e-12
64798159238.4,6.042,1.59238e+06,1.45140e+03,5.49777e-19,3.70368e-12
64822554410.9,6.045,1.59325e+06,1.45066e+03,5.49061e-19,3.69762e-12
64846949583.5,6.047,1.59413e+06,1.44992e+03,5.48346e-19,3.69157e-12
64871344756.0,6.049,1.59501e+06,1.44918e+03,5.47632e-19,3.68553e-12
64895739928.6,6.052,1.59588e+06,1.44844e+03,5.46920e-19,3.67950e-12
64920135101.1,6.054,1.59676e+06,1.44770e+03,5.46209e-19,3.67349e-12
64944530273.7,6.056,1.59764e+06,1.44697e+03,5.45499e-19,3.66748e-12
64968925446.2,6.058,1.59851e+06,1.44623e+03,5.44791e-19,3.66150e-12
64993320618.7,6.061,1.59939e+06,1.44549e+03,5.44083e-19,3.65552e-12
65017715791.3,6.063,1.60027e+06,1.44476e+03,5.43377e-19,3.64955e-12
65042110963.8,6.065,1.60114e+06,1.44402e+03,5.42672e-19,3.64360e-12
65066506136.4,6.067,1.60202e+06,1.44329e+03,5.41968e-19,3.63766e-12
65090901308.9,6.070,1.60290e+06,1.44256e+03,5.41266e-19,3.63174e-12
65115296481.5,6.072,1.60378e+06,1.44183e+03,5.40565e-19,3.62582e-12
65139691654.0,6.074,1.60465e+06,1.44109e+03,5.39865e-19,3.61992e-12
65164086826.5,6.077,1.60553e+06,1.44036e+03,5.39166e-19,3.61403e-12
65188481999.1,6.079,1.60641e+06,1.43963e+03,5.38468e-19,3.60815e-12
65212877171.6,6.081,1.60728e+06,1.43890e+03,5.37772e-19,3.60229e-12
65237272344.2,6.083,1.60816e+06,1.43818e+03,5.37076e-19,3.59643e-12
65261667516.7,6.086,1.60904e+06,1.43745e+03,5.36382e-19,3.59059e-12
65286062689.3,6.088,1.60992e+06,1.43672e+03,5.35690e-19,3.58476e-12
65310457861.8,6.090,1.61079e+06,1.43600e+03,5.34998e-19,3.57895e-12
65334853034.3,6.093,1.61167e+06,1.43527e+03,5.34308e-19,3.57314e-12
65359248206.9,6.095,1.61255e+06,1.43454e+03,5.33618e-19,3.56735e-12
